,mean,std,formatted
accuracy,0.5284207818930041,0.1678754383197719,0.5284 ± 0.1679
macro_f1,0.5209951636637682,0.16302124762309178,0.5210 ± 0.1630
balanced_acc,0.5284207818930041,0.16787543831977192,0.5284 ± 0.1679
brier_score,0.5765290549568335,0.160539200534092,0.5765 ± 0.1605
ece,0.08934519998729229,0.037094218713597,0.0893 ± 0.0371
online_adaptation_time_sec,0.18683956907407853,0.032355647803657524,0.1868 ± 0.0324
online_time_per_trial_ms,0.6487485037294393,0.11234599931825531,0.6487 ± 0.1123
buffer_size,16.0,0.0,16.0000 ± 0.0000
cm_00,42.74074074074074,16.461125750344685,42.7407 ± 16.4611
cm_01,13.666666666666666,9.14834999834985,13.6667 ± 9.1483
cm_02,9.518518518518519,4.9487400911776005,9.5185 ± 4.9487
cm_03,6.074074074074074,5.683484345187757,6.0741 ± 5.6835
cm_10,14.777777777777779,10.016652800877813,14.7778 ± 10.0167
cm_11,40.25925925925926,15.589919308501376,40.2593 ± 15.5899
cm_12,10.222222222222221,6.084869844593311,10.2222 ± 6.0849
cm_13,6.7407407407407405,4.98144706032442,6.7407 ± 4.9814
cm_20,14.37037037037037,5.778928222085077,14.3704 ± 5.7789
cm_21,10.74074074074074,5.674454176344206,10.7407 ± 5.6745
cm_22,28.185185185185187,10.9158918626329,28.1852 ± 10.9159
cm_23,18.703703703703702,8.094702991723448,18.7037 ± 8.0947
cm_30,7.37037037037037,4.821012885500851,7.3704 ± 4.8210
cm_31,9.222222222222221,8.581434940674296,9.2222 ± 8.5814
cm_32,14.407407407407407,6.663674542214558,14.4074 ± 6.6637
cm_33,41.0,15.896298553194944,41.0000 ± 15.8963
seed,87.33333333333333,34.410418815773276,87.3333 ± 34.4104
bn_momentum,0.5,0.0,0.5000 ± 0.0000
