accuracy,macro_f1,balanced_acc,brier_score,ece,online_adaptation_time_sec,online_time_per_trial_ms,cm_00,cm_01,cm_02,cm_03,cm_10,cm_11,cm_12,cm_13,cm_20,cm_21,cm_22,cm_23,cm_30,cm_31,cm_32,cm_33,seed,subject,model,adaptation,protocol,batch_size,bn_momentum,weights
0.6354166666666666,0.6227979179688342,0.6354166666666667,0.45784625028151954,0.09382497922827801,0.13885689900052967,0.4821420104185058,35,27,8,2,6,64,2,0,9,3,31,29,3,0,16,53,42,A01,EEGNET,AdaBN,cross-session,16,0.1,week6/results/eegnet/cross_session_baseline/weights/eegnet_cross-session_A01_seed_42.pt
0.3159722222222222,0.31252830634169376,0.3159722222222222,0.7641589334837585,0.1257693412610226,0.03649336099988432,0.1267130590273761,30,18,11,13,22,17,19,14,27,5,24,16,19,14,19,20,42,A02,EEGNET,AdaBN,cross-session,16,0.1,week6/results/eegnet/cross_session_baseline/weights/eegnet_cross-session_A02_seed_42.pt
0.6736111111111112,0.6338699888768836,0.6736111111111112,0.4333227203179417,0.05981643704904449,0.0367267029996583,0.1275232743043691,58,7,6,1,8,61,3,0,15,14,13,30,4,3,3,62,42,A03,EEGNET,AdaBN,cross-session,16,0.1,week6/results/eegnet/cross_session_baseline/weights/eegnet_cross-session_A03_seed_42.pt
0.4861111111111111,0.4848280428698243,0.4861111111111111,0.6561886049118765,0.08063435678680739,0.0366148590001103,0.12713492708371632,36,23,8,5,17,30,12,13,10,5,34,23,11,4,17,40,42,A04,EEGNET,AdaBN,cross-session,16,0.1,week6/results/eegnet/cross_session_baseline/weights/eegnet_cross-session_A04_seed_42.pt
0.28125,0.2774539236217827,0.28125,0.782876813518411,0.1565263027118312,0.04709707599977264,0.16353151388809944,15,21,25,11,20,27,15,10,15,18,23,16,10,23,23,16,42,A05,EEGNET,AdaBN,cross-session,16,0.1,week6/results/eegnet/cross_session_baseline/weights/eegnet_cross-session_A05_seed_42.pt
0.3923611111111111,0.38763584612730717,0.3923611111111111,0.7139303188363441,0.0691537441064914,0.04604678100076853,0.1598846562526685,35,17,9,11,12,36,16,8,22,15,18,17,14,13,21,24,42,A06,EEGNET,AdaBN,cross-session,16,0.1,week6/results/eegnet/cross_session_baseline/weights/eegnet_cross-session_A06_seed_42.pt
0.3645833333333333,0.3653048689493218,0.3645833333333333,0.723554776589072,0.11110551220675308,0.04611417799969786,0.16011867361006202,27,22,14,9,27,24,15,6,15,23,18,16,7,15,14,36,42,A07,EEGNET,AdaBN,cross-session,16,0.1,week6/results/eegnet/cross_session_baseline/weights/eegnet_cross-session_A07_seed_42.pt
0.7013888888888888,0.6958751513653081,0.701388888888889,0.3990748052701021,0.07513359292513794,0.046190903998649446,0.1603850833286439,58,1,10,3,4,57,7,4,14,13,34,11,4,7,8,53,42,A08,EEGNET,AdaBN,cross-session,16,0.1,week6/results/eegnet/cross_session_baseline/weights/eegnet_cross-session_A08_seed_42.pt
0.7951388888888888,0.7922452272278484,0.7951388888888888,0.31613218243159563,0.0556908862458335,0.046330725999723654,0.16087057638792934,68,2,2,0,7,47,9,9,6,8,55,3,0,5,8,59,42,A09,EEGNET,AdaBN,cross-session,16,0.1,week6/results/eegnet/cross_session_baseline/weights/eegnet_cross-session_A09_seed_42.pt
0.6284722222222222,0.6199707574932041,0.6284722222222222,0.47055859232153924,0.06116181115309396,0.046339239001099486,0.1609001354204843,38,25,9,0,5,65,2,0,8,2,32,30,4,0,22,46,97,A01,EEGNET,AdaBN,cross-session,16,0.1,week6/results/eegnet/cross_session_baseline/weights/eegnet_cross-session_A01_seed_97.pt
0.28125,0.28240148382083863,0.28125,0.7940945081702014,0.16094788246684605,0.046143405999828246,0.16022015972162584,17,22,11,22,24,21,11,16,21,11,19,21,19,17,12,24,97,A02,EEGNET,AdaBN,cross-session,16,0.1,week6/results/eegnet/cross_session_baseline/weights/eegnet_cross-session_A02_seed_97.pt
0.7395833333333334,0.7145659445544271,0.7395833333333334,0.3739623473675965,0.08168040992071232,0.04616965899913339,0.16031131596921316,65,4,3,0,5,66,1,0,17,9,22,24,2,0,10,60,97,A03,EEGNET,AdaBN,cross-session,16,0.1,week6/results/eegnet/cross_session_baseline/weights/eegnet_cross-session_A03_seed_97.pt
0.5243055555555556,0.5241785415767661,0.5243055555555556,0.6314680548841457,0.07263033754295774,0.03621652800029551,0.1257518333343594,37,15,16,4,21,32,12,7,11,4,44,13,11,6,17,38,97,A04,EEGNET,AdaBN,cross-session,16,0.1,week6/results/eegnet/cross_session_baseline/weights/eegnet_cross-session_A04_seed_97.pt
0.2951388888888889,0.29518012441911323,0.2951388888888889,0.7761115286629189,0.15925940519405735,0.03659759500078508,0.12707498264161485,23,26,15,8,27,24,11,10,20,17,17,18,7,25,19,21,97,A05,EEGNET,AdaBN,cross-session,16,0.1,week6/results/eegnet/cross_session_baseline/weights/eegnet_cross-session_A05_seed_97.pt
0.4479166666666667,0.4452590512057614,0.44791666666666663,0.6711986745949643,0.06932691960699026,0.03728077100095106,0.12944712153108007,40,13,10,9,14,35,16,7,17,12,25,18,15,13,15,29,97,A06,EEGNET,AdaBN,cross-session,16,0.1,week6/results/eegnet/cross_session_baseline/weights/eegnet_cross-session_A06_seed_97.pt
0.5034722222222222,0.5027276784927872,0.5034722222222222,0.6145617073323106,0.056684930498401315,0.03724192800109449,0.1293122500038003,33,21,9,9,24,40,5,3,11,11,31,19,6,11,14,41,97,A07,EEGNET,AdaBN,cross-session,16,0.1,week6/results/eegnet/cross_session_baseline/weights/eegnet_cross-session_A07_seed_97.pt
0.6631944444444444,0.6610822819156152,0.6631944444444444,0.44722264910757253,0.0749723712603251,0.04105850900123187,0.14256426736538844,59,1,10,2,4,47,16,5,22,8,31,11,5,2,11,54,97,A08,EEGNET,AdaBN,cross-session,16,0.1,week6/results/eegnet/cross_session_baseline/weights/eegnet_cross-session_A08_seed_97.pt
0.7361111111111112,0.7294602375458361,0.736111111111111,0.3755519290806703,0.0399944463537799,0.035152201000528294,0.12205625347405658,63,4,3,2,6,38,18,10,7,9,47,9,0,4,4,64,97,A09,EEGNET,AdaBN,cross-session,16,0.1,week6/results/eegnet/cross_session_baseline/weights/eegnet_cross-session_A09_seed_97.pt
0.6493055555555556,0.6392392046094963,0.6493055555555556,0.4555088996545577,0.07659798301756382,0.03507986099975824,0.12180507291582722,41,20,10,1,5,64,3,0,5,2,28,37,3,0,15,54,123,A01,EEGNET,AdaBN,cross-session,16,0.1,week6/results/eegnet/cross_session_baseline/weights/eegnet_cross-session_A01_seed_123.pt
0.3090277777777778,0.30317033645190816,0.30902777777777773,0.7802860499178269,0.13974896414826313,0.035674280999955954,0.12386903124984706,33,17,13,9,19,22,16,15,30,7,19,16,19,18,20,15,123,A02,EEGNET,AdaBN,cross-session,16,0.1,week6/results/eegnet/cross_session_baseline/weights/eegnet_cross-session_A02_seed_123.pt
0.6944444444444444,0.6582834941522421,0.6944444444444444,0.4067748214128033,0.05828018424411615,0.046571844000936835,0.16170779166991955,61,4,6,1,5,66,1,0,13,17,15,27,5,2,7,58,123,A03,EEGNET,AdaBN,cross-session,16,0.1,week6/results/eegnet/cross_session_baseline/weights/eegnet_cross-session_A03_seed_123.pt
0.5138888888888888,0.5117077856384984,0.5138888888888888,0.6371387028918226,0.11405945600320896,0.04600998800015077,0.1597569027783013,39,20,8,5,20,34,8,10,10,4,31,27,9,5,14,44,123,A04,EEGNET,AdaBN,cross-session,16,0.1,week6/results/eegnet/cross_session_baseline/weights/eegnet_cross-session_A04_seed_123.pt
0.2916666666666667,0.2918156515528668,0.2916666666666667,0.7941602279470734,0.1436754488903615,0.03599399699851347,0.12497915624483842,23,15,20,14,26,21,15,10,18,17,19,18,11,24,16,21,123,A05,EEGNET,AdaBN,cross-session,16,0.1,week6/results/eegnet/cross_session_baseline/weights/eegnet_cross-session_A05_seed_123.pt
0.4965277777777778,0.4902909329601059,0.4965277777777778,0.6480340786931246,0.058301205022467516,0.036634289999710745,0.12720239583232898,49,13,6,4,17,36,12,7,17,10,27,18,16,16,9,31,123,A06,EEGNET,AdaBN,cross-session,16,0.1,week6/results/eegnet/cross_session_baseline/weights/eegnet_cross-session_A06_seed_123.pt
0.5347222222222222,0.5313126434877132,0.5347222222222222,0.5886555151051345,0.08736919860045116,0.037117398000191315,0.12887985416733094,48,16,6,2,36,33,3,0,5,5,41,21,3,6,31,32,123,A07,EEGNET,AdaBN,cross-session,16,0.1,week6/results/eegnet/cross_session_baseline/weights/eegnet_cross-session_A07_seed_123.pt
0.6493055555555556,0.6425657854382629,0.6493055555555556,0.4590316232033542,0.06002792384889391,0.03723845899912703,0.12930020485807997,57,1,12,2,2,54,12,4,18,19,26,9,4,8,10,50,123,A08,EEGNET,AdaBN,cross-session,16,0.1,week6/results/eegnet/cross_session_baseline/weights/eegnet_cross-session_A08_seed_123.pt
0.7638888888888888,0.7553537524931517,0.763888888888889,0.33913745538313267,0.054790939618315965,0.03655720300048415,0.12693473264056998,67,2,3,0,5,36,16,15,5,9,53,5,0,3,5,64,123,A09,EEGNET,AdaBN,cross-session,16,0.1,week6/results/eegnet/cross_session_baseline/weights/eegnet_cross-session_A09_seed_123.pt
