batch_idx,start_trial,end_trial,batch_accuracy,batch_balanced_acc,batch_time_sec,seed,subject,protocol,adaptation
0,0,16,0.625,0.5166666666666666,0.10230649299955985,42,A01,cross-session,AdaBN
1,16,32,0.6875,0.75,0.0011089079998782836,42,A01,cross-session,AdaBN
2,32,48,0.75,0.8,0.0007637759990757331,42,A01,cross-session,AdaBN
3,48,64,0.5625,0.48333333333333334,0.0007078460002958309,42,A01,cross-session,AdaBN
4,64,80,0.625,0.5666666666666667,0.0007139110002754023,42,A01,cross-session,AdaBN
5,80,96,0.625,0.6071428571428572,0.0007039430001896108,42,A01,cross-session,AdaBN
6,96,112,0.625,0.6833333333333333,0.0007151560002967017,42,A01,cross-session,AdaBN
7,112,128,0.5625,0.575,0.0006967850004002685,42,A01,cross-session,AdaBN
8,128,144,0.5625,0.5083333333333333,0.0007044379999570083,42,A01,cross-session,AdaBN
9,144,160,0.5625,0.5875,0.0007174760012276238,42,A01,cross-session,AdaBN
10,160,176,0.625,0.5125,0.000700253000104567,42,A01,cross-session,AdaBN
11,176,192,0.6875,0.6666666666666666,0.0007048240004223771,42,A01,cross-session,AdaBN
12,192,208,0.5625,0.5791666666666666,0.0007266979991982225,42,A01,cross-session,AdaBN
13,208,224,0.8125,0.7083333333333334,0.0007001970006967895,42,A01,cross-session,AdaBN
14,224,240,0.5625,0.5833333333333334,0.0007098959995346377,42,A01,cross-session,AdaBN
15,240,256,0.8125,0.8041666666666667,0.0007073019987728912,42,A01,cross-session,AdaBN
16,256,272,0.6875,0.5833333333333333,0.0007131499987735879,42,A01,cross-session,AdaBN
17,272,288,0.5,0.638095238095238,0.0007084629996825242,42,A01,cross-session,AdaBN
0,0,16,0.3125,0.3416666666666666,0.0007187930004874943,42,A02,cross-session,AdaBN
1,16,32,0.3125,0.35,0.0007390859991573961,42,A02,cross-session,AdaBN
2,32,48,0.375,0.46249999999999997,0.0007255850014189491,42,A02,cross-session,AdaBN
3,48,64,0.3125,0.25,0.0007179479998740135,42,A02,cross-session,AdaBN
4,64,80,0.4375,0.45,0.0007252609993884107,42,A02,cross-session,AdaBN
5,80,96,0.25,0.21726190476190477,0.0007125820011424366,42,A02,cross-session,AdaBN
6,96,112,0.375,0.33333333333333337,0.0007209759987745201,42,A02,cross-session,AdaBN
7,112,128,0.375,0.37083333333333335,0.0007377910005743615,42,A02,cross-session,AdaBN
8,128,144,0.375,0.31666666666666665,0.0007160450004448649,42,A02,cross-session,AdaBN
9,144,160,0.1875,0.175,0.0007270829992194194,42,A02,cross-session,AdaBN
10,160,176,0.125,0.1875,0.0007281770012923516,42,A02,cross-session,AdaBN
11,176,192,0.25,0.1875,0.0007210200001281919,42,A02,cross-session,AdaBN
12,192,208,0.375,0.3666666666666667,0.0007352829998126253,42,A02,cross-session,AdaBN
13,208,224,0.5,0.48333333333333334,0.0007257170000229962,42,A02,cross-session,AdaBN
14,224,240,0.3125,0.2833333333333333,0.0007326340000872733,42,A02,cross-session,AdaBN
15,240,256,0.375,0.37083333333333335,0.0007388949998130556,42,A02,cross-session,AdaBN
16,256,272,0.125,0.09166666666666667,0.0007266640004672809,42,A02,cross-session,AdaBN
17,272,288,0.3125,0.19285714285714284,0.0007960559996718075,42,A02,cross-session,AdaBN
0,0,16,0.6875,0.5833333333333333,0.0007525649998569861,42,A03,cross-session,AdaBN
1,16,32,0.625,0.6875,0.0007410250000248197,42,A03,cross-session,AdaBN
2,32,48,0.8125,0.85,0.0007420059992000461,42,A03,cross-session,AdaBN
3,48,64,0.625,0.5666666666666667,0.0007864559993322473,42,A03,cross-session,AdaBN
4,64,80,0.875,0.8333333333333334,0.0007172670011641458,42,A03,cross-session,AdaBN
5,80,96,0.5,0.6875,0.0007253759995364817,42,A03,cross-session,AdaBN
6,96,112,0.5625,0.5833333333333334,0.0007226409998111194,42,A03,cross-session,AdaBN
7,112,128,0.75,0.75,0.0007145870004023891,42,A03,cross-session,AdaBN
8,128,144,0.6875,0.575,0.0007291620004252763,42,A03,cross-session,AdaBN
9,144,160,0.625,0.6166666666666667,0.0007179779986472568,42,A03,cross-session,AdaBN
10,160,176,0.8125,0.6875,0.0007538949994341237,42,A03,cross-session,AdaBN
11,176,192,0.5,0.5833333333333333,0.0007150780002120882,42,A03,cross-session,AdaBN
12,192,208,0.625,0.6375,0.00075481900057639,42,A03,cross-session,AdaBN
13,208,224,0.625,0.575,0.0007435399984387914,42,A03,cross-session,AdaBN
14,224,240,0.625,0.7,0.0007575149993499508,42,A03,cross-session,AdaBN
15,240,256,0.875,0.8666666666666667,0.0007434129984176252,42,A03,cross-session,AdaBN
16,256,272,0.8125,0.7916666666666666,0.0008062569995672675,42,A03,cross-session,AdaBN
17,272,288,0.5,0.6523809523809524,0.000761605999286985,42,A03,cross-session,AdaBN
0,0,16,0.375,0.4,0.0007450559987773886,42,A04,cross-session,AdaBN
1,16,32,0.4375,0.39166666666666666,0.0007564059997093864,42,A04,cross-session,AdaBN
2,32,48,0.625,0.6428571428571428,0.0007204450012068264,42,A04,cross-session,AdaBN
3,48,64,0.5625,0.5583333333333333,0.0007327530001930427,42,A04,cross-session,AdaBN
4,64,80,0.5625,0.5125,0.0007057300008455059,42,A04,cross-session,AdaBN
5,80,96,0.3125,0.26666666666666666,0.0007334759993682383,42,A04,cross-session,AdaBN
6,96,112,0.5,0.45,0.0007512660013162531,42,A04,cross-session,AdaBN
7,112,128,0.375,0.39999999999999997,0.0007276900014403509,42,A04,cross-session,AdaBN
8,128,144,0.5625,0.6041666666666666,0.0007403749987133779,42,A04,cross-session,AdaBN
9,144,160,0.5,0.4708333333333333,0.0007499110015487531,42,A04,cross-session,AdaBN
10,160,176,0.4375,0.39166666666666666,0.0007305020008061547,42,A04,cross-session,AdaBN
11,176,192,0.5625,0.55,0.0007495519985241117,42,A04,cross-session,AdaBN
12,192,208,0.25,0.2375,0.0007487719994969666,42,A04,cross-session,AdaBN
13,208,224,0.75,0.6916666666666667,0.0007319500000448897,42,A04,cross-session,AdaBN
14,224,240,0.5,0.6238095238095238,0.0007464520003850339,42,A04,cross-session,AdaBN
15,240,256,0.3125,0.37499999999999994,0.0007335040008911164,42,A04,cross-session,AdaBN
16,256,272,0.75,0.7625,0.000746486000934965,42,A04,cross-session,AdaBN
17,272,288,0.375,0.3125,0.0007509219994972227,42,A04,cross-session,AdaBN
0,0,16,0.25,0.18333333333333335,0.0014459260000876384,42,A05,cross-session,AdaBN
1,16,32,0.3125,0.32499999999999996,0.0012818230006814701,42,A05,cross-session,AdaBN
2,32,48,0.25,0.21250000000000002,0.0012791729986929568,42,A05,cross-session,AdaBN
3,48,64,0.1875,0.18333333333333335,0.0012508870004239725,42,A05,cross-session,AdaBN
4,64,80,0.375,0.30833333333333335,0.001342686000498361,42,A05,cross-session,AdaBN
5,80,96,0.4375,0.44047619047619047,0.0012430060014594346,42,A05,cross-session,AdaBN
6,96,112,0.3125,0.35,0.00125918300000194,42,A05,cross-session,AdaBN
7,112,128,0.4375,0.43333333333333335,0.0012474830000428483,42,A05,cross-session,AdaBN
8,128,144,0.4375,0.4666666666666666,0.0012388270006340463,42,A05,cross-session,AdaBN
9,144,160,0.3125,0.32916666666666666,0.0012593560004461324,42,A05,cross-session,AdaBN
10,160,176,0.125,0.1,0.0012510840006143553,42,A05,cross-session,AdaBN
11,176,192,0.25,0.20833333333333331,0.0012469170014810516,42,A05,cross-session,AdaBN
12,192,208,0.25,0.24583333333333335,0.0012619190001714742,42,A05,cross-session,AdaBN
13,208,224,0.25,0.3,0.0012505730010161642,42,A05,cross-session,AdaBN
14,224,240,0.1875,0.18333333333333335,0.001253614000233938,42,A05,cross-session,AdaBN
15,240,256,0.1875,0.18333333333333335,0.0013075949991616653,42,A05,cross-session,AdaBN
16,256,272,0.1875,0.20833333333333331,0.0012428180016286206,42,A05,cross-session,AdaBN
17,272,288,0.3125,0.25476190476190474,0.0012407110007188749,42,A05,cross-session,AdaBN
0,0,16,0.5625,0.4583333333333333,0.0012734540014207596,42,A06,cross-session,AdaBN
1,16,32,0.375,0.4875,0.0012553779997688252,42,A06,cross-session,AdaBN
2,32,48,0.375,0.4125,0.0012430159986251965,42,A06,cross-session,AdaBN
3,48,64,0.3125,0.2833333333333333,0.0012340920002316125,42,A06,cross-session,AdaBN
4,64,80,0.4375,0.36666666666666664,0.0012391630007186905,42,A06,cross-session,AdaBN
5,80,96,0.4375,0.425595238095238,0.0012366139999357983,42,A06,cross-session,AdaBN
6,96,112,0.5625,0.5083333333333333,0.0012436839988367865,42,A06,cross-session,AdaBN
7,112,128,0.5,0.5166666666666666,0.0012337179996393388,42,A06,cross-session,AdaBN
8,128,144,0.375,0.26666666666666666,0.0012354740010778187,42,A06,cross-session,AdaBN
9,144,160,0.375,0.37083333333333335,0.0012373019999358803,42,A06,cross-session,AdaBN
10,160,176,0.25,0.275,0.0012438039993867278,42,A06,cross-session,AdaBN
11,176,192,0.1875,0.1875,0.0012500020002335077,42,A06,cross-session,AdaBN
12,192,208,0.625,0.6083333333333334,0.0012348440013738582,42,A06,cross-session,AdaBN
13,208,224,0.375,0.4083333333333333,0.0012547970000014175,42,A06,cross-session,AdaBN
14,224,240,0.4375,0.41666666666666663,0.001255002000107197,42,A06,cross-session,AdaBN
15,240,256,0.1875,0.1875,0.0012949989995831857,42,A06,cross-session,AdaBN
16,256,272,0.3125,0.21666666666666667,0.0012369449996185722,42,A06,cross-session,AdaBN
17,272,288,0.375,0.3380952380952381,0.001306555001065135,42,A06,cross-session,AdaBN
0,0,16,0.3125,0.3,0.0012735479995171772,42,A07,cross-session,AdaBN
1,16,32,0.375,0.375,0.001277558998481254,42,A07,cross-session,AdaBN
2,32,48,0.625,0.675,0.00125125299928186,42,A07,cross-session,AdaBN
3,48,64,0.375,0.4,0.0012473340011638356,42,A07,cross-session,AdaBN
4,64,80,0.5,0.42500000000000004,0.0012338830001681345,42,A07,cross-session,AdaBN
5,80,96,0.375,0.425595238095238,0.0012340809989836998,42,A07,cross-session,AdaBN
6,96,112,0.1875,0.13333333333333333,0.0012264010001672432,42,A07,cross-session,AdaBN
7,112,128,0.25,0.225,0.0012299469999561552,42,A07,cross-session,AdaBN
8,128,144,0.5,0.375,0.0012296759996388573,42,A07,cross-session,AdaBN
9,144,160,0.5625,0.5541666666666667,0.001244346998646506,42,A07,cross-session,AdaBN
10,160,176,0.3125,0.275,0.0012367030012683244,42,A07,cross-session,AdaBN
11,176,192,0.3125,0.3333333333333333,0.0012472960006562062,42,A07,cross-session,AdaBN
12,192,208,0.4375,0.4083333333333333,0.0012567119993036613,42,A07,cross-session,AdaBN
13,208,224,0.25,0.3,0.0012434400014171842,42,A07,cross-session,AdaBN
14,224,240,0.125,0.13333333333333333,0.0012818119994335575,42,A07,cross-session,AdaBN
15,240,256,0.4375,0.4125,0.0012479439992603147,42,A07,cross-session,AdaBN
16,256,272,0.375,0.3916666666666666,0.0012395789999573026,42,A07,cross-session,AdaBN
17,272,288,0.25,0.21904761904761905,0.0012998210004298016,42,A07,cross-session,AdaBN
0,0,16,0.6875,0.6083333333333334,0.0012779850003425963,42,A08,cross-session,AdaBN
1,16,32,0.5625,0.6499999999999999,0.0012527099988801638,42,A08,cross-session,AdaBN
2,32,48,0.8125,0.8500000000000001,0.0012452840001060395,42,A08,cross-session,AdaBN
3,48,64,0.8125,0.85,0.0012310450001677964,42,A08,cross-session,AdaBN
4,64,80,0.875,0.9083333333333333,0.0012439220008673146,42,A08,cross-session,AdaBN
5,80,96,0.6875,0.7202380952380952,0.0012370710010145558,42,A08,cross-session,AdaBN
6,96,112,0.75,0.8083333333333333,0.0012320740006543929,42,A08,cross-session,AdaBN
7,112,128,0.75,0.7625,0.0012307379984122235,42,A08,cross-session,AdaBN
8,128,144,0.5625,0.575,0.0012303349994908785,42,A08,cross-session,AdaBN
9,144,160,0.5625,0.5333333333333333,0.0012312219987506978,42,A08,cross-session,AdaBN
10,160,176,0.75,0.65,0.0012379340005281847,42,A08,cross-session,AdaBN
11,176,192,0.75,0.7916666666666666,0.0012355320013739401,42,A08,cross-session,AdaBN
12,192,208,0.6875,0.6666666666666666,0.0012359680004010443,42,A08,cross-session,AdaBN
13,208,224,0.6875,0.7,0.0013192400001571514,42,A08,cross-session,AdaBN
14,224,240,0.6875,0.7166666666666667,0.001301428999795462,42,A08,cross-session,AdaBN
15,240,256,0.5625,0.5583333333333333,0.0012373350000416394,42,A08,cross-session,AdaBN
16,256,272,0.75,0.7333333333333334,0.0012748339995596325,42,A08,cross-session,AdaBN
17,272,288,0.6875,0.7261904761904762,0.0012749150009767618,42,A08,cross-session,AdaBN
0,0,16,0.75,0.625,0.0012719759997708024,42,A09,cross-session,AdaBN
1,16,32,0.9375,0.95,0.0012586309985636035,42,A09,cross-session,AdaBN
2,32,48,0.75,0.7749999999999999,0.0012419779995980207,42,A09,cross-session,AdaBN
3,48,64,1.0,1.0,0.0012404069984768284,42,A09,cross-session,AdaBN
4,64,80,0.75,0.75,0.0012406499990902375,42,A09,cross-session,AdaBN
5,80,96,0.875,0.9017857142857143,0.0012289730002521537,42,A09,cross-session,AdaBN
6,96,112,0.875,0.8666666666666667,0.001226413998665521,42,A09,cross-session,AdaBN
7,112,128,0.875,0.8666666666666667,0.0012293639993004035,42,A09,cross-session,AdaBN
8,128,144,0.6875,0.7,0.0012321419999352656,42,A09,cross-session,AdaBN
9,144,160,0.6875,0.6375,0.0012549450002552476,42,A09,cross-session,AdaBN
10,160,176,0.6875,0.7375,0.0012287800000194693,42,A09,cross-session,AdaBN
11,176,192,0.8125,0.8541666666666666,0.0014721269999427022,42,A09,cross-session,AdaBN
12,192,208,0.875,0.8541666666666666,0.0012722850005957298,42,A09,cross-session,AdaBN
13,208,224,0.8125,0.85,0.001331093999397126,42,A09,cross-session,AdaBN
14,224,240,0.75,0.7333333333333333,0.0012763060003635474,42,A09,cross-session,AdaBN
15,240,256,0.8125,0.8166666666666667,0.00123865199930151,42,A09,cross-session,AdaBN
16,256,272,0.6875,0.775,0.001330750999841257,42,A09,cross-session,AdaBN
17,272,288,0.6875,0.8071428571428572,0.0012435759999789298,42,A09,cross-session,AdaBN
0,0,16,0.6875,0.5666666666666667,0.0012598670000443235,97,A01,cross-session,AdaBN
1,16,32,0.5625,0.625,0.001260322000234737,97,A01,cross-session,AdaBN
2,32,48,0.6875,0.75,0.0012450220001483103,97,A01,cross-session,AdaBN
3,48,64,0.625,0.5666666666666667,0.0012354570008028531,97,A01,cross-session,AdaBN
4,64,80,0.5625,0.5333333333333333,0.001231953001479269,97,A01,cross-session,AdaBN
5,80,96,0.5625,0.5238095238095238,0.001232966998941265,97,A01,cross-session,AdaBN
6,96,112,0.6875,0.7666666666666666,0.0012339040004007984,97,A01,cross-session,AdaBN
7,112,128,0.5,0.5041666666666667,0.0012293870004214114,97,A01,cross-session,AdaBN
8,128,144,0.5625,0.55,0.0012325219995545922,97,A01,cross-session,AdaBN
9,144,160,0.5625,0.5875,0.0012422170002537314,97,A01,cross-session,AdaBN
10,160,176,0.6875,0.575,0.0012428139998519327,97,A01,cross-session,AdaBN
11,176,192,0.8125,0.8541666666666666,0.001240990999576752,97,A01,cross-session,AdaBN
12,192,208,0.75,0.775,0.0014490459998341976,97,A01,cross-session,AdaBN
13,208,224,0.6875,0.6583333333333333,0.0013345360002858797,97,A01,cross-session,AdaBN
14,224,240,0.5625,0.5833333333333334,0.001236109999808832,97,A01,cross-session,AdaBN
15,240,256,0.75,0.7416666666666667,0.0012769419990945607,97,A01,cross-session,AdaBN
16,256,272,0.75,0.6583333333333333,0.0012881710008514347,97,A01,cross-session,AdaBN
17,272,288,0.3125,0.469047619047619,0.0012380520001897821,97,A01,cross-session,AdaBN
0,0,16,0.25,0.3,0.0012852519994339673,97,A02,cross-session,AdaBN
1,16,32,0.3125,0.35,0.0012548270005936502,97,A02,cross-session,AdaBN
2,32,48,0.25,0.2375,0.001251021001735353,97,A02,cross-session,AdaBN
3,48,64,0.375,0.36666666666666664,0.0012422180006979033,97,A02,cross-session,AdaBN
4,64,80,0.375,0.275,0.00123801300105697,97,A02,cross-session,AdaBN
5,80,96,0.3125,0.25297619047619047,0.0012384770016069524,97,A02,cross-session,AdaBN
6,96,112,0.25,0.2583333333333333,0.001226288000907516,97,A02,cross-session,AdaBN
7,112,128,0.125,0.1125,0.0012327969998295885,97,A02,cross-session,AdaBN
8,128,144,0.25,0.21666666666666667,0.0012315289986872813,97,A02,cross-session,AdaBN
9,144,160,0.1875,0.1958333333333333,0.001235464000274078,97,A02,cross-session,AdaBN
10,160,176,0.375,0.375,0.001228371000252082,97,A02,cross-session,AdaBN
11,176,192,0.3125,0.3125,0.0012490179997257655,97,A02,cross-session,AdaBN
12,192,208,0.3125,0.31666666666666665,0.0012341409983491758,97,A02,cross-session,AdaBN
13,208,224,0.375,0.26666666666666666,0.0012724730004265439,97,A02,cross-session,AdaBN
14,224,240,0.375,0.39999999999999997,0.0012564499993459322,97,A02,cross-session,AdaBN
15,240,256,0.1875,0.1625,0.0012907109994557686,97,A02,cross-session,AdaBN
16,256,272,0.1875,0.125,0.0012407969988998957,97,A02,cross-session,AdaBN
17,272,288,0.25,0.14285714285714285,0.00123375200018927,97,A02,cross-session,AdaBN
0,0,16,0.6875,0.65,0.0012755019997712225,97,A03,cross-session,AdaBN
1,16,32,0.625,0.6875,0.0012622639987966977,97,A03,cross-session,AdaBN
2,32,48,0.875,0.9,0.0012416240006132284,97,A03,cross-session,AdaBN
3,48,64,0.75,0.6666666666666666,0.001387487000101828,97,A03,cross-session,AdaBN
4,64,80,0.8125,0.7916666666666666,0.0012380399984976975,97,A03,cross-session,AdaBN
5,80,96,0.625,0.7857142857142857,0.0012363360001472756,97,A03,cross-session,AdaBN
6,96,112,0.6875,0.6833333333333333,0.001231591999385273,97,A03,cross-session,AdaBN
7,112,128,0.75,0.775,0.001234929999554879,97,A03,cross-session,AdaBN
8,128,144,0.6875,0.575,0.001257633000932401,97,A03,cross-session,AdaBN
9,144,160,0.625,0.6166666666666667,0.001238815000760951,97,A03,cross-session,AdaBN
10,160,176,0.875,0.75,0.0012572390005516354,97,A03,cross-session,AdaBN
11,176,192,0.8125,0.8541666666666666,0.0012342709997028578,97,A03,cross-session,AdaBN
12,192,208,0.6875,0.6875,0.0012545959998533363,97,A03,cross-session,AdaBN
13,208,224,0.75,0.7416666666666667,0.0012327139993431047,97,A03,cross-session,AdaBN
14,224,240,0.625,0.7,0.00123468699894147,97,A03,cross-session,AdaBN
15,240,256,0.9375,0.9166666666666666,0.0012718409998342395,97,A03,cross-session,AdaBN
16,256,272,0.8125,0.7083333333333334,0.001231484999152599,97,A03,cross-session,AdaBN
17,272,288,0.6875,0.7738095238095237,0.0012703200009127613,97,A03,cross-session,AdaBN
0,0,16,0.5625,0.55,0.0005796919995191274,97,A04,cross-session,AdaBN
1,16,32,0.375,0.35,0.0007391359995381208,97,A04,cross-session,AdaBN
2,32,48,0.8125,0.7767857142857143,0.0006182139986776747,97,A04,cross-session,AdaBN
3,48,64,0.625,0.525,0.0007876359995862003,97,A04,cross-session,AdaBN
4,64,80,0.75,0.7416666666666667,0.0008065420006460045,97,A04,cross-session,AdaBN
5,80,96,0.5,0.5583333333333333,0.0008214259996748297,97,A04,cross-session,AdaBN
6,96,112,0.5,0.45,0.0007999259996722685,97,A04,cross-session,AdaBN
7,112,128,0.375,0.4625,0.0008085669996944489,97,A04,cross-session,AdaBN
8,128,144,0.5625,0.6041666666666666,0.0008021519988687942,97,A04,cross-session,AdaBN
9,144,160,0.5625,0.5333333333333333,0.0008206389993574703,97,A04,cross-session,AdaBN
10,160,176,0.375,0.35,0.0008075440000538947,97,A04,cross-session,AdaBN
11,176,192,0.375,0.4,0.0006247080000321148,97,A04,cross-session,AdaBN
12,192,208,0.375,0.3375,0.0005939309994573705,97,A04,cross-session,AdaBN
13,208,224,0.6875,0.6583333333333334,0.0006040160005795769,97,A04,cross-session,AdaBN
14,224,240,0.75,0.7952380952380952,0.000572579998333822,97,A04,cross-session,AdaBN
15,240,256,0.125,0.125,0.0006276349995459896,97,A04,cross-session,AdaBN
16,256,272,0.625,0.6166666666666667,0.0006007850006426452,97,A04,cross-session,AdaBN
17,272,288,0.5,0.4375,0.0006299529995885678,97,A04,cross-session,AdaBN
0,0,16,0.375,0.31666666666666665,0.000624604999757139,97,A05,cross-session,AdaBN
1,16,32,0.1875,0.22499999999999998,0.000630075001026853,97,A05,cross-session,AdaBN
2,32,48,0.375,0.32499999999999996,0.0005797579997306457,97,A05,cross-session,AdaBN
3,48,64,0.3125,0.31666666666666665,0.0008172310008376371,97,A05,cross-session,AdaBN
4,64,80,0.3125,0.26666666666666666,0.0007824969998182496,97,A05,cross-session,AdaBN
5,80,96,0.25,0.306547619047619,0.0008204120003938442,97,A05,cross-session,AdaBN
6,96,112,0.3125,0.2833333333333333,0.0008154690003721043,97,A05,cross-session,AdaBN
7,112,128,0.3125,0.275,0.0008037290008360287,97,A05,cross-session,AdaBN
8,128,144,0.375,0.4583333333333333,0.0008115009986795485,97,A05,cross-session,AdaBN
9,144,160,0.1875,0.21666666666666667,0.000795406000179355,97,A05,cross-session,AdaBN
10,160,176,0.3125,0.275,0.0008127109995257342,97,A05,cross-session,AdaBN
11,176,192,0.375,0.3958333333333333,0.0008082499989541247,97,A05,cross-session,AdaBN
12,192,208,0.125,0.1125,0.0007723939997958951,97,A05,cross-session,AdaBN
13,208,224,0.375,0.31666666666666665,0.0006020640012138756,97,A05,cross-session,AdaBN
14,224,240,0.1875,0.18333333333333335,0.0006276299991441192,97,A05,cross-session,AdaBN
15,240,256,0.3125,0.2875,0.0005967659999441821,97,A05,cross-session,AdaBN
16,256,272,0.375,0.4666666666666666,0.0006087210003897781,97,A05,cross-session,AdaBN
17,272,288,0.25,0.21904761904761905,0.0006352559994411422,97,A05,cross-session,AdaBN
0,0,16,0.5625,0.575,0.0006440470006054966,97,A06,cross-session,AdaBN
1,16,32,0.5,0.5,0.0006117390003055334,97,A06,cross-session,AdaBN
2,32,48,0.5,0.5,0.0005821190006827237,97,A06,cross-session,AdaBN
3,48,64,0.5,0.5,0.0008187530002032872,97,A06,cross-session,AdaBN
4,64,80,0.25,0.225,0.0007962719992065104,97,A06,cross-session,AdaBN
5,80,96,0.4375,0.494047619047619,0.0008086649995675543,97,A06,cross-session,AdaBN
6,96,112,0.5625,0.5083333333333333,0.0008032219993765466,97,A06,cross-session,AdaBN
7,112,128,0.5,0.5166666666666666,0.0008173440000973642,97,A06,cross-session,AdaBN
8,128,144,0.25,0.18333333333333335,0.0008275159998447634,97,A06,cross-session,AdaBN
9,144,160,0.4375,0.4208333333333333,0.0008034030015551252,97,A06,cross-session,AdaBN
10,160,176,0.4375,0.4375,0.0008032870009628823,97,A06,cross-session,AdaBN
11,176,192,0.625,0.6875,0.0008218480015784735,97,A06,cross-session,AdaBN
12,192,208,0.5,0.5083333333333333,0.0008019650013011415,97,A06,cross-session,AdaBN
13,208,224,0.25,0.23333333333333334,0.000808257000244339,97,A06,cross-session,AdaBN
14,224,240,0.4375,0.3833333333333333,0.0008605299990449566,97,A06,cross-session,AdaBN
15,240,256,0.4375,0.42083333333333334,0.0008233890002884436,97,A06,cross-session,AdaBN
16,256,272,0.4375,0.4666666666666666,0.0006707240008836379,97,A06,cross-session,AdaBN
17,272,288,0.4375,0.588095238095238,0.0006765030011592899,97,A06,cross-session,AdaBN
0,0,16,0.75,0.7333333333333334,0.0006739599994034506,97,A07,cross-session,AdaBN
1,16,32,0.4375,0.4625,0.0006162000008771429,97,A07,cross-session,AdaBN
2,32,48,0.875,0.825,0.0006290660003287485,97,A07,cross-session,AdaBN
3,48,64,0.3125,0.2833333333333333,0.0008175559996743686,97,A07,cross-session,AdaBN
4,64,80,0.75,0.6916666666666667,0.0008235739987867419,97,A07,cross-session,AdaBN
5,80,96,0.6875,0.6160714285714286,0.0008258170000772225,97,A07,cross-session,AdaBN
6,96,112,0.375,0.43333333333333335,0.0008983440002339194,97,A07,cross-session,AdaBN
7,112,128,0.3125,0.3416666666666666,0.0007974569998623338,97,A07,cross-session,AdaBN
8,128,144,0.5625,0.5333333333333333,0.0007786829992255662,97,A07,cross-session,AdaBN
9,144,160,0.75,0.75,0.0008112220002658432,97,A07,cross-session,AdaBN
10,160,176,0.5,0.5125000000000001,0.0008416329983447213,97,A07,cross-session,AdaBN
11,176,192,0.375,0.3958333333333333,0.0007958369988045888,97,A07,cross-session,AdaBN
12,192,208,0.4375,0.4083333333333333,0.0008461489996989258,97,A07,cross-session,AdaBN
13,208,224,0.375,0.43333333333333335,0.0008125540007313248,97,A07,cross-session,AdaBN
14,224,240,0.375,0.3,0.0008069800005614525,97,A07,cross-session,AdaBN
15,240,256,0.1875,0.1875,0.0006468369992944645,97,A07,cross-session,AdaBN
16,256,272,0.625,0.6833333333333332,0.0006052009994164109,97,A07,cross-session,AdaBN
17,272,288,0.375,0.27619047619047615,0.0006140879995655268,97,A07,cross-session,AdaBN
0,0,16,0.75,0.7416666666666667,0.0006015210001351079,97,A08,cross-session,AdaBN
1,16,32,0.6875,0.75,0.0005962280010862742,97,A08,cross-session,AdaBN
2,32,48,0.9375,0.95,0.0006737690000591101,97,A08,cross-session,AdaBN
3,48,64,0.6875,0.6833333333333332,0.0007970000006025657,97,A08,cross-session,AdaBN
4,64,80,0.875,0.7916666666666666,0.0007937840000522556,97,A08,cross-session,AdaBN
5,80,96,0.5,0.613095238095238,0.0008097219997580396,97,A08,cross-session,AdaBN
6,96,112,0.6875,0.725,0.0008003980001376476,97,A08,cross-session,AdaBN
7,112,128,0.9375,0.9166666666666666,0.0008584160004829755,97,A08,cross-session,AdaBN
8,128,144,0.5625,0.6166666666666667,0.0028044690006936435,97,A08,cross-session,AdaBN
9,144,160,0.625,0.5958333333333333,0.000816548999864608,97,A08,cross-session,AdaBN
10,160,176,0.6875,0.7375,0.003680592999444343,97,A08,cross-session,AdaBN
11,176,192,0.375,0.5,0.0008509870003763353,97,A08,cross-session,AdaBN
12,192,208,0.8125,0.7916666666666666,0.0008335479997185757,97,A08,cross-session,AdaBN
13,208,224,0.6875,0.6916666666666667,0.000797198999862303,97,A08,cross-session,AdaBN
14,224,240,0.5625,0.5833333333333334,0.0007967310011736117,97,A08,cross-session,AdaBN
15,240,256,0.5625,0.5583333333333333,0.0006571379999513738,97,A08,cross-session,AdaBN
16,256,272,0.5,0.4833333333333333,0.0005819569996674545,97,A08,cross-session,AdaBN
17,272,288,0.5,0.5904761904761905,0.0005777089991170214,97,A08,cross-session,AdaBN
0,0,16,0.75,0.625,0.0006489160005003214,97,A09,cross-session,AdaBN
1,16,32,0.8125,0.85,0.0005987040003674338,97,A09,cross-session,AdaBN
2,32,48,0.6875,0.7250000000000001,0.0005946689998381771,97,A09,cross-session,AdaBN
3,48,64,0.9375,0.95,0.000880835999851115,97,A09,cross-session,AdaBN
4,64,80,0.9375,0.9583333333333334,0.0008223330005421303,97,A09,cross-session,AdaBN
5,80,96,0.625,0.5892857142857143,0.0008069739997154102,97,A09,cross-session,AdaBN
6,96,112,0.875,0.8666666666666667,0.0008188989995687734,97,A09,cross-session,AdaBN
7,112,128,0.9375,0.9375,0.0008145299998432165,97,A09,cross-session,AdaBN
8,128,144,0.625,0.5833333333333333,0.0008261309994850308,97,A09,cross-session,AdaBN
9,144,160,0.6875,0.6375,0.0008103499985736562,97,A09,cross-session,AdaBN
10,160,176,0.75,0.7875,0.0008182769997802097,97,A09,cross-session,AdaBN
11,176,192,0.625,0.6875,0.0006276770000113174,97,A09,cross-session,AdaBN
12,192,208,0.9375,0.9375,0.0006166530001792125,97,A09,cross-session,AdaBN
13,208,224,0.625,0.675,0.0005871510002180003,97,A09,cross-session,AdaBN
14,224,240,0.6875,0.6833333333333333,0.0006021329991199309,97,A09,cross-session,AdaBN
15,240,256,0.5,0.4875,0.0006069099999876926,97,A09,cross-session,AdaBN
16,256,272,0.625,0.65,0.0005830270001752069,97,A09,cross-session,AdaBN
17,272,288,0.625,0.7428571428571429,0.0006414969993784325,97,A09,cross-session,AdaBN
0,0,16,0.6875,0.6,0.0006539240002894076,123,A01,cross-session,AdaBN
1,16,32,0.75,0.8,0.0006523550000565592,123,A01,cross-session,AdaBN
2,32,48,0.6875,0.75,0.0005897470000491012,123,A01,cross-session,AdaBN
3,48,64,0.625,0.5333333333333333,0.0008226789996115258,123,A01,cross-session,AdaBN
4,64,80,0.625,0.5666666666666667,0.0008123319985315902,123,A01,cross-session,AdaBN
5,80,96,0.6875,0.7321428571428572,0.0008593219990871148,123,A01,cross-session,AdaBN
6,96,112,0.625,0.7166666666666666,0.0008219549999921583,123,A01,cross-session,AdaBN
7,112,128,0.5,0.5125,0.0008025619990803534,123,A01,cross-session,AdaBN
8,128,144,0.4375,0.3833333333333333,0.0008076739995885873,123,A01,cross-session,AdaBN
9,144,160,0.6875,0.7125,0.00079760299922782,123,A01,cross-session,AdaBN
10,160,176,0.625,0.5125,0.0006197750008141156,123,A01,cross-session,AdaBN
11,176,192,0.8125,0.8541666666666666,0.0005852630001754733,123,A01,cross-session,AdaBN
12,192,208,0.625,0.6416666666666666,0.0005856450006831437,123,A01,cross-session,AdaBN
13,208,224,0.6875,0.65,0.0007468789990525693,123,A01,cross-session,AdaBN
14,224,240,0.5625,0.5833333333333334,0.0006605260005017044,123,A01,cross-session,AdaBN
15,240,256,0.875,0.8666666666666667,0.0005866749997949228,123,A01,cross-session,AdaBN
16,256,272,0.75,0.625,0.0006085489985707682,123,A01,cross-session,AdaBN
17,272,288,0.4375,0.6023809523809524,0.0006318260002444731,123,A01,cross-session,AdaBN
0,0,16,0.3125,0.26666666666666666,0.0005938600006629713,123,A02,cross-session,AdaBN
1,16,32,0.25,0.3625,0.0006107739991421113,123,A02,cross-session,AdaBN
2,32,48,0.375,0.46249999999999997,0.0005901039985474199,123,A02,cross-session,AdaBN
3,48,64,0.3125,0.25,0.0008246220004366478,123,A02,cross-session,AdaBN
4,64,80,0.3125,0.23333333333333334,0.0008105460001388565,123,A02,cross-session,AdaBN
5,80,96,0.25,0.27976190476190477,0.0008146919990394963,123,A02,cross-session,AdaBN
6,96,112,0.4375,0.38333333333333336,0.0008094740005617496,123,A02,cross-session,AdaBN
7,112,128,0.0625,0.0625,0.0008132679995469516,123,A02,cross-session,AdaBN
8,128,144,0.4375,0.4666666666666666,0.0008008250006241724,123,A02,cross-session,AdaBN
9,144,160,0.1875,0.175,0.0008452279998891754,123,A02,cross-session,AdaBN
10,160,176,0.4375,0.44999999999999996,0.0007931650015962077,123,A02,cross-session,AdaBN
11,176,192,0.1875,0.16666666666666666,0.0008054990012169583,123,A02,cross-session,AdaBN
12,192,208,0.4375,0.41666666666666663,0.0008320460001414176,123,A02,cross-session,AdaBN
13,208,224,0.5,0.5666666666666667,0.0008071669999480946,123,A02,cross-session,AdaBN
14,224,240,0.375,0.33333333333333337,0.0008227110010921024,123,A02,cross-session,AdaBN
15,240,256,0.25,0.2125,0.0006426130003092112,123,A02,cross-session,AdaBN
16,256,272,0.1875,0.125,0.0006154660004540347,123,A02,cross-session,AdaBN
17,272,288,0.25,0.14285714285714285,0.0005834470011905069,123,A02,cross-session,AdaBN
0,0,16,0.6875,0.65,0.0013156839995644987,123,A03,cross-session,AdaBN
1,16,32,0.625,0.6875,0.00127466099911544,123,A03,cross-session,AdaBN
2,32,48,0.75,0.8,0.0013140199989720713,123,A03,cross-session,AdaBN
3,48,64,0.6875,0.65,0.00124793699978909,123,A03,cross-session,AdaBN
4,64,80,0.875,0.8333333333333334,0.0013020049991609994,123,A03,cross-session,AdaBN
5,80,96,0.6875,0.8214285714285714,0.0012461480000638403,123,A03,cross-session,AdaBN
6,96,112,0.5,0.5416666666666666,0.0012515729995357106,123,A03,cross-session,AdaBN
7,112,128,0.625,0.65,0.001244611999936751,123,A03,cross-session,AdaBN
8,128,144,0.625,0.525,0.0012544960009108763,123,A03,cross-session,AdaBN
9,144,160,0.625,0.6166666666666667,0.0012742729995807167,123,A03,cross-session,AdaBN
10,160,176,0.875,0.75,0.0012589369998750044,123,A03,cross-session,AdaBN
11,176,192,0.6875,0.7708333333333334,0.0012678450002567843,123,A03,cross-session,AdaBN
12,192,208,0.6875,0.6875,0.0012569880000228295,123,A03,cross-session,AdaBN
13,208,224,0.625,0.6166666666666667,0.0012882000009994954,123,A03,cross-session,AdaBN
14,224,240,0.5625,0.6166666666666667,0.0012417249999998603,123,A03,cross-session,AdaBN
15,240,256,0.875,0.8333333333333334,0.0012517840004875325,123,A03,cross-session,AdaBN
16,256,272,0.8125,0.7833333333333334,0.0012427229994500522,123,A03,cross-session,AdaBN
17,272,288,0.6875,0.8214285714285714,0.0012273069987713825,123,A03,cross-session,AdaBN
0,0,16,0.5,0.4666666666666667,0.0012736810003843857,123,A04,cross-session,AdaBN
1,16,32,0.375,0.4333333333333333,0.0012613710005098255,123,A04,cross-session,AdaBN
2,32,48,0.625,0.6964285714285714,0.0012512949997471878,123,A04,cross-session,AdaBN
3,48,64,0.5625,0.4833333333333333,0.0012434640011633746,123,A04,cross-session,AdaBN
4,64,80,0.8125,0.8125,0.0012400640007399488,123,A04,cross-session,AdaBN
5,80,96,0.1875,0.18333333333333335,0.0012405369998305105,123,A04,cross-session,AdaBN
6,96,112,0.625,0.5958333333333333,0.0012427880010363879,123,A04,cross-session,AdaBN
7,112,128,0.5625,0.6375,0.0012359180000203196,123,A04,cross-session,AdaBN
8,128,144,0.625,0.6666666666666666,0.001235288000316359,123,A04,cross-session,AdaBN
9,144,160,0.5,0.4708333333333333,0.0012357920004433254,123,A04,cross-session,AdaBN
10,160,176,0.5,0.44166666666666665,0.001238631999513018,123,A04,cross-session,AdaBN
11,176,192,0.5625,0.5833333333333333,0.0012474199993448565,123,A04,cross-session,AdaBN
12,192,208,0.25,0.2375,0.0012571349998324877,123,A04,cross-session,AdaBN
13,208,224,0.8125,0.75,0.0012652499990508659,123,A04,cross-session,AdaBN
14,224,240,0.5,0.45714285714285713,0.001248219999979483,123,A04,cross-session,AdaBN
15,240,256,0.375,0.3833333333333333,0.001317217998803244,123,A04,cross-session,AdaBN
16,256,272,0.5,0.5291666666666666,0.0012433299998519942,123,A04,cross-session,AdaBN
17,272,288,0.375,0.3125,0.001240666999365203,123,A04,cross-session,AdaBN
0,0,16,0.5625,0.575,0.000599341999986791,123,A05,cross-session,AdaBN
1,16,32,0.125,0.1125,0.0008148239994625328,123,A05,cross-session,AdaBN
2,32,48,0.25,0.21250000000000002,0.0006118140008766204,123,A05,cross-session,AdaBN
3,48,64,0.1875,0.18333333333333335,0.0008096080000541406,123,A05,cross-session,AdaBN
4,64,80,0.25,0.25,0.0008146359996317187,123,A05,cross-session,AdaBN
5,80,96,0.125,0.14583333333333331,0.0008325039998453576,123,A05,cross-session,AdaBN
6,96,112,0.25,0.21666666666666667,0.0008086189991445281,123,A05,cross-session,AdaBN
7,112,128,0.3125,0.2875,0.0008244199998443946,123,A05,cross-session,AdaBN
8,128,144,0.3125,0.3333333333333333,0.0008358039995073341,123,A05,cross-session,AdaBN
9,144,160,0.3125,0.30833333333333335,0.0008182609999494161,123,A05,cross-session,AdaBN
10,160,176,0.4375,0.525,0.0008100009999907343,123,A05,cross-session,AdaBN
11,176,192,0.25,0.2708333333333333,0.0008439409994025482,123,A05,cross-session,AdaBN
12,192,208,0.375,0.3833333333333333,0.0008119510002870811,123,A05,cross-session,AdaBN
13,208,224,0.3125,0.3166666666666667,0.0008198279992939206,123,A05,cross-session,AdaBN
14,224,240,0.1875,0.15000000000000002,0.0008048769996094052,123,A05,cross-session,AdaBN
15,240,256,0.4375,0.42083333333333334,0.0008079710005404195,123,A05,cross-session,AdaBN
16,256,272,0.3125,0.26666666666666666,0.0006062609991204226,123,A05,cross-session,AdaBN
17,272,288,0.25,0.17142857142857143,0.000609277998592006,123,A05,cross-session,AdaBN
0,0,16,0.6875,0.625,0.0006764230001863325,123,A06,cross-session,AdaBN
1,16,32,0.5,0.5,0.0006539600017276825,123,A06,cross-session,AdaBN
2,32,48,0.6875,0.75,0.0005928770005994011,123,A06,cross-session,AdaBN
3,48,64,0.4375,0.3833333333333333,0.0008133130013447953,123,A06,cross-session,AdaBN
4,64,80,0.5,0.375,0.0008567299992137123,123,A06,cross-session,AdaBN
5,80,96,0.5,0.5922619047619048,0.0008505860005243449,123,A06,cross-session,AdaBN
6,96,112,0.625,0.5583333333333333,0.000814354001704487,123,A06,cross-session,AdaBN
7,112,128,0.375,0.3583333333333333,0.0008130280002660584,123,A06,cross-session,AdaBN
8,128,144,0.375,0.3,0.000881772999491659,123,A06,cross-session,AdaBN
9,144,160,0.5,0.49583333333333335,0.0008224339999287622,123,A06,cross-session,AdaBN
10,160,176,0.375,0.4,0.0007949079990794417,123,A06,cross-session,AdaBN
11,176,192,0.375,0.4375,0.001000141000986332,123,A06,cross-session,AdaBN
12,192,208,0.5,0.5083333333333333,0.0008128330009640194,123,A06,cross-session,AdaBN
13,208,224,0.375,0.4,0.0007988249999471009,123,A06,cross-session,AdaBN
14,224,240,0.5625,0.5166666666666667,0.0008527449990651803,123,A06,cross-session,AdaBN
15,240,256,0.5625,0.5666666666666667,0.0008297690001199953,123,A06,cross-session,AdaBN
16,256,272,0.5625,0.4833333333333333,0.0008215930010919692,123,A06,cross-session,AdaBN
17,272,288,0.4375,0.5404761904761904,0.0006017989999236306,123,A06,cross-session,AdaBN
0,0,16,0.75,0.775,0.0006442579997383291,123,A07,cross-session,AdaBN
1,16,32,0.625,0.5875,0.0006090919996495359,123,A07,cross-session,AdaBN
2,32,48,0.4375,0.375,0.000603217999014305,123,A07,cross-session,AdaBN
3,48,64,0.5625,0.5166666666666666,0.0008638849994895281,123,A07,cross-session,AdaBN
4,64,80,0.625,0.5666666666666667,0.0008096420006040717,123,A07,cross-session,AdaBN
5,80,96,0.5625,0.4851190476190476,0.0008227580001403112,123,A07,cross-session,AdaBN
6,96,112,0.3125,0.26666666666666666,0.0008871390000422252,123,A07,cross-session,AdaBN
7,112,128,0.4375,0.425,0.0008385580003960058,123,A07,cross-session,AdaBN
8,128,144,0.5,0.525,0.0008291799986182014,123,A07,cross-session,AdaBN
9,144,160,0.5625,0.5333333333333333,0.0008594890005042544,123,A07,cross-session,AdaBN
10,160,176,0.625,0.7000000000000001,0.0008362270000361605,123,A07,cross-session,AdaBN
11,176,192,0.5,0.5625,0.0006750669999746606,123,A07,cross-session,AdaBN
12,192,208,0.5625,0.5666666666666667,0.000844477001010091,123,A07,cross-session,AdaBN
13,208,224,0.5,0.5583333333333333,0.0008005409999896074,123,A07,cross-session,AdaBN
14,224,240,0.4375,0.35,0.0009190900000248803,123,A07,cross-session,AdaBN
15,240,256,0.5625,0.5583333333333333,0.0008282480011985172,123,A07,cross-session,AdaBN
16,256,272,0.5625,0.6,0.0007914880006865133,123,A07,cross-session,AdaBN
17,272,288,0.5,0.3904761904761905,0.0007401069997285958,123,A07,cross-session,AdaBN
0,0,16,0.75,0.625,0.0010235110003122827,123,A08,cross-session,AdaBN
1,16,32,0.5,0.6,0.0006036119993950706,123,A08,cross-session,AdaBN
2,32,48,0.8125,0.85,0.000598793998506153,123,A08,cross-session,AdaBN
3,48,64,0.6875,0.6833333333333333,0.0008438479999313131,123,A08,cross-session,AdaBN
4,64,80,0.9375,0.9583333333333334,0.0006453480000345735,123,A08,cross-session,AdaBN
5,80,96,0.375,0.45238095238095233,0.0008167859996319748,123,A08,cross-session,AdaBN
6,96,112,0.5625,0.625,0.0008988110002974281,123,A08,cross-session,AdaBN
7,112,128,0.875,0.8541666666666666,0.0009613929996703519,123,A08,cross-session,AdaBN
8,128,144,0.5625,0.6166666666666667,0.0008037999996304279,123,A08,cross-session,AdaBN
9,144,160,0.5625,0.5458333333333333,0.0008123150000756141,123,A08,cross-session,AdaBN
10,160,176,0.6875,0.6625,0.0009173140006168978,123,A08,cross-session,AdaBN
11,176,192,0.5,0.6041666666666667,0.0008288340013677953,123,A08,cross-session,AdaBN
12,192,208,0.6875,0.6666666666666666,0.0008259149999503279,123,A08,cross-session,AdaBN
13,208,224,0.8125,0.7833333333333333,0.000822938998680911,123,A08,cross-session,AdaBN
14,224,240,0.625,0.6666666666666666,0.0008224789999076165,123,A08,cross-session,AdaBN
15,240,256,0.5625,0.5458333333333334,0.0008050590004131664,123,A08,cross-session,AdaBN
16,256,272,0.75,0.7333333333333334,0.0008114530010061571,123,A08,cross-session,AdaBN
17,272,288,0.4375,0.5547619047619048,0.0008483729998260969,123,A08,cross-session,AdaBN
0,0,16,0.75,0.625,0.0006693840005027596,123,A09,cross-session,AdaBN
1,16,32,0.9375,0.95,0.0006185169986565597,123,A09,cross-session,AdaBN
2,32,48,0.75,0.7749999999999999,0.000625824999588076,123,A09,cross-session,AdaBN
3,48,64,1.0,1.0,0.0007784549998177681,123,A09,cross-session,AdaBN
4,64,80,0.875,0.875,0.0006198739993124036,123,A09,cross-session,AdaBN
5,80,96,0.75,0.7767857142857143,0.0007993179988261545,123,A09,cross-session,AdaBN
6,96,112,0.875,0.8666666666666667,0.0008814440006972291,123,A09,cross-session,AdaBN
7,112,128,0.75,0.7541666666666667,0.0008648849998280639,123,A09,cross-session,AdaBN
8,128,144,0.5625,0.5416666666666666,0.0008052960001805332,123,A09,cross-session,AdaBN
9,144,160,0.75,0.6875,0.000813536000350723,123,A09,cross-session,AdaBN
10,160,176,0.625,0.6875,0.0009718820001580752,123,A09,cross-session,AdaBN
11,176,192,0.75,0.7916666666666666,0.0008137040003930451,123,A09,cross-session,AdaBN
12,192,208,0.875,0.875,0.0008187870007532183,123,A09,cross-session,AdaBN
13,208,224,0.75,0.8,0.0008285480016638758,123,A09,cross-session,AdaBN
14,224,240,0.8125,0.85,0.000817829999505193,123,A09,cross-session,AdaBN
15,240,256,0.625,0.6333333333333333,0.00081838199912454,123,A09,cross-session,AdaBN
16,256,272,0.625,0.65,0.0008399979997193441,123,A09,cross-session,AdaBN
17,272,288,0.6875,0.7452380952380953,0.0007332450004469138,123,A09,cross-session,AdaBN
