accuracy,macro_f1,balanced_acc,brier_score,ece,online_adaptation_time_sec,online_time_per_trial_ms,buffer_size,tent_lr,cm_00,cm_01,cm_02,cm_03,cm_10,cm_11,cm_12,cm_13,cm_20,cm_21,cm_22,cm_23,cm_30,cm_31,cm_32,cm_33,seed,subject,model,adaptation,protocol,bn_momentum,weights
0.5277777777777778,0.4768665212897033,0.5277777777777777,0.6230372786729773,0.12529054729060995,0.8556757679998555,2.971096416666165,16,0.001,32,32,6,2,3,69,0,0,6,33,5,28,5,11,10,46,42,A01,EEGNET,TENT,cross-subject,,week6/results/eegnet/cross_subject_baseline/weights/eegnet_cross-subject_A01_seed_42.pt
0.2534722222222222,0.17761403247336752,0.2534722222222222,1.0381813900100652,0.41797700679550565,1.305493187999673,4.5329624583321975,16,0.001,1,4,5,62,0,9,9,54,0,3,6,63,1,4,10,57,42,A02,EEGNET,TENT,cross-subject,,week6/results/eegnet/cross_subject_baseline/weights/eegnet_cross-subject_A02_seed_42.pt
0.4166666666666667,0.3633427261169771,0.41666666666666663,0.8646208463632146,0.32087815646082163,0.6294184929997755,2.185480878471443,16,0.001,31,39,1,1,2,70,0,0,11,53,6,2,2,50,7,13,42,A03,EEGNET,TENT,cross-subject,,week6/results/eegnet/cross_subject_baseline/weights/eegnet_cross-subject_A03_seed_42.pt
0.34375,0.3058573180165809,0.34375,0.8269021381646756,0.20853121009551814,0.6845491260000927,2.3769066875003215,16,0.001,7,2,39,24,5,12,33,22,4,2,31,35,4,5,14,49,42,A04,EEGNET,TENT,cross-subject,,week6/results/eegnet/cross_subject_baseline/weights/eegnet_cross-subject_A04_seed_42.pt
0.2673611111111111,0.22277835740607022,0.2673611111111111,1.050304156270613,0.41770542692393064,0.6552557959998921,2.2751937361107366,16,0.001,8,56,7,1,8,49,10,5,4,48,15,5,7,46,14,5,42,A05,EEGNET,TENT,cross-subject,,week6/results/eegnet/cross_subject_baseline/weights/eegnet_cross-subject_A05_seed_42.pt
0.2986111111111111,0.26584589483903837,0.29861111111111116,0.9600042035256118,0.3898437372926209,1.4491349400000217,5.031718541666742,16,0.001,9,2,53,8,1,15,52,4,3,5,53,11,2,0,61,9,42,A06,EEGNET,TENT,cross-subject,,week6/results/eegnet/cross_subject_baseline/weights/eegnet_cross-subject_A06_seed_42.pt
0.3506944444444444,0.30068942162378,0.3506944444444444,0.9219724658171786,0.3259697167409791,0.7411502160002783,2.5734382500009665,16,0.001,6,10,53,3,4,16,49,3,3,3,64,2,4,3,50,15,42,A07,EEGNET,TENT,cross-subject,,week6/results/eegnet/cross_subject_baseline/weights/eegnet_cross-subject_A07_seed_42.pt
0.4965277777777778,0.4789868714576686,0.4965277777777778,0.7675269848835995,0.2448242387423913,0.660731816000407,2.2942076944458574,16,0.001,66,3,1,2,36,34,1,1,50,7,12,3,31,3,7,31,42,A08,EEGNET,TENT,cross-subject,,week6/results/eegnet/cross_subject_baseline/weights/eegnet_cross-subject_A08_seed_42.pt
0.5972222222222222,0.5347795177976796,0.5972222222222223,0.5234278099749693,0.08033879194408655,0.674662231000184,2.342577190972861,16,0.001,71,1,0,0,16,42,1,13,32,9,5,26,16,1,1,54,42,A09,EEGNET,TENT,cross-subject,,week6/results/eegnet/cross_subject_baseline/weights/eegnet_cross-subject_A09_seed_42.pt
0.5381944444444444,0.4803295226527893,0.5381944444444444,0.6501912641708372,0.1241834048802654,0.8499794290000864,2.9513174618058553,16,0.001,35,33,2,2,5,67,0,0,9,31,4,28,5,13,5,49,97,A01,EEGNET,TENT,cross-subject,,week6/results/eegnet/cross_subject_baseline/weights/eegnet_cross-subject_A01_seed_97.pt
0.25,0.1726337754185999,0.25,1.021145294547435,0.40926975094609797,0.9476768909999009,3.2905447604163225,16,0.001,0,6,8,58,0,11,8,53,0,8,5,59,3,5,8,56,97,A02,EEGNET,TENT,cross-subject,,week6/results/eegnet/cross_subject_baseline/weights/eegnet_cross-subject_A02_seed_97.pt
0.3819444444444444,0.3233029962699252,0.3819444444444444,0.9882314246999084,0.438861877967914,0.6470864619996064,2.246827993054189,16,0.001,20,52,0,0,0,72,0,0,5,64,3,0,0,53,4,15,97,A03,EEGNET,TENT,cross-subject,,week6/results/eegnet/cross_subject_baseline/weights/eegnet_cross-subject_A03_seed_97.pt
0.3125,0.24750931853525526,0.3125,0.9338812581198792,0.342756438586447,0.6846908299999086,2.3773987152774603,16,0.001,3,2,13,54,0,12,12,48,5,2,13,52,1,6,3,62,97,A04,EEGNET,TENT,cross-subject,,week6/results/eegnet/cross_subject_baseline/weights/eegnet_cross-subject_A04_seed_97.pt
0.3020833333333333,0.26951329158985554,0.3020833333333333,0.8861752774556549,0.26119024109923183,0.6458442339999237,2.242514701388624,16,0.001,7,8,46,11,5,11,41,15,1,4,46,21,2,4,43,23,97,A05,EEGNET,TENT,cross-subject,,week6/results/eegnet/cross_subject_baseline/weights/eegnet_cross-subject_A05_seed_97.pt
0.3402777777777778,0.3234046546546546,0.3402777777777778,0.8556855261437305,0.2787135818766223,1.67549278999968,5.81768329861,16,0.001,22,1,19,30,4,12,16,40,5,3,15,49,8,2,13,49,97,A06,EEGNET,TENT,cross-subject,,week6/results/eegnet/cross_subject_baseline/weights/eegnet_cross-subject_A06_seed_97.pt
0.3541666666666667,0.3255791576344934,0.3541666666666667,0.9651586467228004,0.33579767950707007,1.108854059999885,3.850187708332934,16,0.001,56,11,3,2,50,20,2,0,52,10,8,2,39,10,5,18,97,A07,EEGNET,TENT,cross-subject,,week6/results/eegnet/cross_subject_baseline/weights/eegnet_cross-subject_A07_seed_97.pt
0.4861111111111111,0.45047807736205475,0.4861111111111111,0.7279902299451413,0.2118698765213291,1.331992549000006,4.6249741284722425,16,0.001,67,3,1,1,28,40,3,1,45,14,10,3,29,9,11,23,97,A08,EEGNET,TENT,cross-subject,,week6/results/eegnet/cross_subject_baseline/weights/eegnet_cross-subject_A08_seed_97.pt
0.5729166666666666,0.5304603324915824,0.5729166666666667,0.581667369880211,0.12437950260937214,1.70951894899963,5.935829684026493,16,0.001,71,1,0,0,24,43,2,3,39,15,8,10,19,4,6,43,97,A09,EEGNET,TENT,cross-subject,,week6/results/eegnet/cross_subject_baseline/weights/eegnet_cross-subject_A09_seed_97.pt
0.4340277777777778,0.3986114554017994,0.4340277777777778,0.7823554160108328,0.25211539222962326,1.6842056509999566,5.847936288194294,16,0.001,63,5,3,1,55,16,1,0,39,6,10,17,23,2,11,36,123,A01,EEGNET,TENT,cross-subject,,week6/results/eegnet/cross_subject_baseline/weights/eegnet_cross-subject_A01_seed_123.pt
0.2326388888888889,0.1540926828885277,0.2326388888888889,1.1214294577511599,0.4943593021275269,1.2664197230001264,4.39729070486155,16,0.001,3,5,10,54,0,5,12,55,3,3,3,63,3,4,9,56,123,A02,EEGNET,TENT,cross-subject,,week6/results/eegnet/cross_subject_baseline/weights/eegnet_cross-subject_A02_seed_123.pt
0.4444444444444444,0.39617495785864537,0.4444444444444445,0.7614416902942652,0.2619993913297852,0.8201414440000008,2.847713347222225,16,0.001,71,0,0,1,41,30,1,0,55,6,6,5,35,13,3,21,123,A03,EEGNET,TENT,cross-subject,,week6/results/eegnet/cross_subject_baseline/weights/eegnet_cross-subject_A03_seed_123.pt
0.3090277777777778,0.2538772456618766,0.3090277777777778,0.8606467538704066,0.2922943824281295,0.6839177189999646,2.3747143020832104,16,0.001,4,7,7,54,2,20,7,43,6,8,8,50,2,8,5,57,123,A04,EEGNET,TENT,cross-subject,,week6/results/eegnet/cross_subject_baseline/weights/eegnet_cross-subject_A04_seed_123.pt
0.2569444444444444,0.20447570547875984,0.2569444444444444,1.0542363351702115,0.43568973274280626,0.6623071009998966,2.299677434027419,16,0.001,8,57,6,1,12,52,0,8,4,55,6,7,13,49,2,8,123,A05,EEGNET,TENT,cross-subject,,week6/results/eegnet/cross_subject_baseline/weights/eegnet_cross-subject_A05_seed_123.pt
0.3784722222222222,0.3705966789387693,0.37847222222222227,0.8053019637504402,0.23351802407867378,1.6723742059998585,5.806854881943953,16,0.001,34,2,29,7,9,9,46,8,9,5,36,22,8,1,33,30,123,A06,EEGNET,TENT,cross-subject,,week6/results/eegnet/cross_subject_baseline/weights/eegnet_cross-subject_A06_seed_123.pt
0.3506944444444444,0.3096785323989515,0.3506944444444444,0.9538140059976742,0.3439118100537194,1.9751606469999388,6.85819669097201,16,0.001,11,56,4,1,4,62,3,3,5,52,11,4,3,42,10,17,123,A07,EEGNET,TENT,cross-subject,,week6/results/eegnet/cross_subject_baseline/weights/eegnet_cross-subject_A07_seed_123.pt
0.5555555555555556,0.5025498770426782,0.5555555555555556,0.6220516070285688,0.09933192106998628,1.2799623050000264,4.4443135590278695,16,0.001,62,5,4,1,9,62,0,1,35,26,8,3,13,27,4,28,123,A08,EEGNET,TENT,cross-subject,,week6/results/eegnet/cross_subject_baseline/weights/eegnet_cross-subject_A08_seed_123.pt
0.5,0.4703079547085144,0.5,0.7083652901679104,0.19967414097239572,0.7860937179998473,2.729492076388359,16,0.001,17,52,1,2,0,71,1,0,10,38,17,7,3,20,10,39,123,A09,EEGNET,TENT,cross-subject,,week6/results/eegnet/cross_subject_baseline/weights/eegnet_cross-subject_A09_seed_123.pt
