accuracy,macro_f1,balanced_acc,brier_score,ece,online_adaptation_time_sec,online_time_per_trial_ms,buffer_size,cm_00,cm_01,cm_02,cm_03,cm_10,cm_11,cm_12,cm_13,cm_20,cm_21,cm_22,cm_23,cm_30,cm_31,cm_32,cm_33,seed,subject,model,adaptation,protocol,batch_size,bn_momentum,weights
0.5868055555555556,0.5751358636581019,0.5868055555555556,0.551782242863645,0.07500874758180645,0.3479260039998735,1.2080764027773385,16,42,17,11,2,10,58,1,3,7,12,23,30,4,6,16,46,42,A01,EEGNET,AdaBN,cross-subject,16,0.1,week6/results/eegnet/cross_subject_baseline/weights/eegnet_cross-subject_A01_seed_42.pt
0.2743055555555556,0.2441257657316512,0.2743055555555556,0.8566038739695779,0.24863605242636466,0.19282952399998976,0.6695469583332978,16,7,10,11,44,1,18,12,41,4,5,9,54,1,12,14,45,42,A02,EEGNET,AdaBN,cross-subject,16,0.1,week6/results/eegnet/cross_subject_baseline/weights/eegnet_cross-subject_A02_seed_42.pt
0.59375,0.5657222147009667,0.59375,0.5422038627952467,0.08209198051028783,0.2125415980001435,0.7379916597227205,16,58,7,3,4,6,65,1,0,23,19,23,7,4,19,24,25,42,A03,EEGNET,AdaBN,cross-subject,16,0.1,week6/results/eegnet/cross_subject_baseline/weights/eegnet_cross-subject_A03_seed_42.pt
0.3923611111111111,0.3787837142357747,0.3923611111111111,0.7010895576931807,0.07972277224891716,0.2025865470000099,0.703425510416701,16,15,11,28,18,8,35,16,13,5,14,18,35,7,10,10,45,42,A04,EEGNET,AdaBN,cross-subject,16,0.1,week6/results/eegnet/cross_subject_baseline/weights/eegnet_cross-subject_A04_seed_42.pt
0.3020833333333333,0.3024095696467924,0.3020833333333333,0.8034861361950584,0.15650896676298645,0.20343657900002654,0.7063770104167588,16,21,21,25,5,19,25,17,11,15,20,22,15,21,15,17,19,42,A05,EEGNET,AdaBN,cross-subject,16,0.1,week6/results/eegnet/cross_subject_baseline/weights/eegnet_cross-subject_A05_seed_42.pt
0.40625,0.41238403397456963,0.40625,0.7487631784210793,0.16728456204550138,0.22265936400003739,0.7731227916667964,16,25,14,22,11,6,35,23,8,6,8,31,27,8,7,31,26,42,A06,EEGNET,AdaBN,cross-subject,16,0.1,week6/results/eegnet/cross_subject_baseline/weights/eegnet_cross-subject_A06_seed_42.pt
0.4131944444444444,0.41221317100131655,0.41319444444444436,0.6947708704302599,0.05712646204564307,0.25310727000010047,0.8788446875003488,16,24,22,21,5,15,37,14,6,17,16,34,5,14,13,21,24,42,A07,EEGNET,AdaBN,cross-subject,16,0.1,week6/results/eegnet/cross_subject_baseline/weights/eegnet_cross-subject_A07_seed_42.pt
0.6076388888888888,0.603630077281119,0.6076388888888888,0.5201924334401768,0.07005252140677636,0.24711351900009504,0.8580330520836633,16,50,7,8,7,7,54,9,2,22,15,30,5,4,11,16,41,42,A08,EEGNET,AdaBN,cross-subject,16,0.1,week6/results/eegnet/cross_subject_baseline/weights/eegnet_cross-subject_A08_seed_42.pt
0.6631944444444444,0.6295017842748327,0.6631944444444444,0.4652963171925296,0.0757340056200822,0.2269913180000458,0.7881642986112701,16,66,4,1,1,6,56,2,8,20,14,16,22,12,3,4,53,42,A09,EEGNET,AdaBN,cross-subject,16,0.1,week6/results/eegnet/cross_subject_baseline/weights/eegnet_cross-subject_A09_seed_42.pt
0.5763888888888888,0.5492004451195024,0.5763888888888888,0.5631560777243582,0.06037111176798741,0.228179265000108,0.7922891145837083,16,47,17,5,3,13,55,2,2,11,17,14,30,7,6,9,50,97,A01,EEGNET,AdaBN,cross-subject,16,0.1,week6/results/eegnet/cross_subject_baseline/weights/eegnet_cross-subject_A01_seed_97.pt
0.2916666666666667,0.2766643994593449,0.29166666666666663,0.831423863821846,0.222985721917616,0.23352277799995136,0.8108429791664977,16,12,9,19,32,1,19,13,39,6,8,12,46,6,12,13,41,97,A02,EEGNET,AdaBN,cross-subject,16,0.1,week6/results/eegnet/cross_subject_baseline/weights/eegnet_cross-subject_A02_seed_97.pt
0.5902777777777778,0.5444862111922785,0.5902777777777778,0.5579419672988697,0.05886607058346271,0.23869382199995925,0.8287979930554141,16,54,14,2,2,1,71,0,0,22,35,8,7,2,22,11,37,97,A03,EEGNET,AdaBN,cross-subject,16,0.1,week6/results/eegnet/cross_subject_baseline/weights/eegnet_cross-subject_A03_seed_97.pt
0.4027777777777778,0.3889858967323756,0.4027777777777778,0.7130098485099139,0.08462981538226207,0.22989441000004263,0.7982444791668146,16,14,14,21,23,8,38,14,12,10,17,24,21,6,15,11,40,97,A04,EEGNET,AdaBN,cross-subject,16,0.1,week6/results/eegnet/cross_subject_baseline/weights/eegnet_cross-subject_A04_seed_97.pt
0.3298611111111111,0.326252036045388,0.3298611111111111,0.7682511695732,0.11108513528274165,0.2423536429998876,0.8415057048607208,16,23,22,21,6,17,18,25,12,8,11,33,20,15,11,25,21,97,A05,EEGNET,AdaBN,cross-subject,16,0.1,week6/results/eegnet/cross_subject_baseline/weights/eegnet_cross-subject_A05_seed_97.pt
0.3958333333333333,0.39724641609246925,0.39583333333333337,0.731629211630092,0.1647130623459816,0.2053419579999627,0.7129929097220926,16,29,12,14,17,9,29,13,21,7,10,20,35,12,6,18,36,97,A06,EEGNET,AdaBN,cross-subject,16,0.1,week6/results/eegnet/cross_subject_baseline/weights/eegnet_cross-subject_A06_seed_97.pt
0.3993055555555556,0.3923929828341593,0.3993055555555555,0.7169116982849929,0.08361776338683236,0.2010982630001763,0.6982578576395011,16,28,35,6,3,16,46,6,4,19,30,19,4,9,25,16,22,97,A07,EEGNET,AdaBN,cross-subject,16,0.1,week6/results/eegnet/cross_subject_baseline/weights/eegnet_cross-subject_A07_seed_97.pt
0.5868055555555556,0.5794877849764372,0.5868055555555556,0.5310553396091424,0.05984130015389789,0.2095293170000332,0.7275323506945597,16,50,7,7,8,2,57,11,2,20,21,24,7,4,8,22,38,97,A08,EEGNET,AdaBN,cross-subject,16,0.1,week6/results/eegnet/cross_subject_baseline/weights/eegnet_cross-subject_A08_seed_97.pt
0.6458333333333334,0.6009275061717262,0.6458333333333333,0.48528100720797784,0.08716159820970562,0.24768231999996715,0.8600080555554415,16,68,3,0,1,7,59,2,4,20,21,11,20,8,6,10,48,97,A09,EEGNET,AdaBN,cross-subject,16,0.1,week6/results/eegnet/cross_subject_baseline/weights/eegnet_cross-subject_A09_seed_97.pt
0.5277777777777778,0.5215585234669204,0.5277777777777778,0.577227172976746,0.04801049849225415,0.22132033799994133,0.7684733958331296,16,51,11,6,4,24,40,4,4,8,12,25,27,7,5,24,36,123,A01,EEGNET,AdaBN,cross-subject,16,0.1,week6/results/eegnet/cross_subject_baseline/weights/eegnet_cross-subject_A01_seed_123.pt
0.2326388888888889,0.20766425183651477,0.2326388888888889,0.8984496905730732,0.301024237440692,0.1972020230000453,0.6847292465279351,16,5,6,24,37,3,14,22,33,6,9,9,48,3,8,22,39,123,A02,EEGNET,AdaBN,cross-subject,16,0.1,week6/results/eegnet/cross_subject_baseline/weights/eegnet_cross-subject_A02_seed_123.pt
0.625,0.6041528874622843,0.625,0.5063624001072229,0.09292024477488464,0.27409749100002045,0.9517273993056266,16,62,2,5,3,10,61,1,0,24,16,26,6,5,21,15,31,123,A03,EEGNET,AdaBN,cross-subject,16,0.1,week6/results/eegnet/cross_subject_baseline/weights/eegnet_cross-subject_A03_seed_123.pt
0.3611111111111111,0.3423253862551074,0.3611111111111111,0.7093409430166875,0.11844397729469672,0.25914733700005854,0.8998171423613144,16,14,23,14,21,6,36,17,13,14,11,13,34,6,14,11,41,123,A04,EEGNET,AdaBN,cross-subject,16,0.1,week6/results/eegnet/cross_subject_baseline/weights/eegnet_cross-subject_A04_seed_123.pt
0.2951388888888889,0.28385807682682684,0.29513888888888884,0.7986312483002433,0.1822455661992232,0.22426428399990073,0.7786954305552108,16,20,29,20,3,22,35,5,10,14,27,19,12,20,29,12,11,123,A05,EEGNET,AdaBN,cross-subject,16,0.1,week6/results/eegnet/cross_subject_baseline/weights/eegnet_cross-subject_A05_seed_123.pt
0.4375,0.43680692955511,0.43749999999999994,0.7013654724326741,0.12098385900672941,0.2471478989998559,0.858152427082833,16,33,11,19,9,7,37,19,9,11,11,16,34,10,7,15,40,123,A06,EEGNET,AdaBN,cross-subject,16,0.1,week6/results/eegnet/cross_subject_baseline/weights/eegnet_cross-subject_A06_seed_123.pt
0.3958333333333333,0.3977756632153579,0.3958333333333333,0.7063828455987522,0.07930403740869628,0.24456228300005023,0.8491745937501745,16,30,24,16,2,20,35,13,4,21,19,26,6,15,11,23,23,123,A07,EEGNET,AdaBN,cross-subject,16,0.1,week6/results/eegnet/cross_subject_baseline/weights/eegnet_cross-subject_A07_seed_123.pt
0.6006944444444444,0.5913400426238069,0.6006944444444444,0.5314226949350309,0.06202765781846312,0.20497940400014159,0.7117340416671583,16,53,3,11,5,6,57,8,1,19,22,25,6,7,13,14,38,123,A08,EEGNET,AdaBN,cross-subject,16,0.1,week6/results/eegnet/cross_subject_baseline/weights/eegnet_cross-subject_A08_seed_123.pt
0.6180555555555556,0.5955378442854045,0.6180555555555556,0.5025612989205602,0.052436248502797544,0.23292216899994855,0.8087575312498214,16,55,14,1,2,4,56,5,7,24,15,18,15,10,3,10,49,123,A09,EEGNET,AdaBN,cross-subject,16,0.1,week6/results/eegnet/cross_subject_baseline/weights/eegnet_cross-subject_A09_seed_123.pt
