seed,subject,device,parameters,batch_size,train_time_sec,inference_time_sec,delay_acquisition_sec,delay_methodological_sec,delay_computational_sec,delay_total_sec,inference_time_per_trial_ms,accuracy,macro_f1,balanced_acc,cm_00,cm_01,cm_10,cm_11,brier_score,ece
42,A01,CPU,2450,16,7.879326199999923,0.012975700000424695,4.0,0.0,0.0004474379310491274,4.000447437931049,0.44743793104912744,0.6551724137931034,0.6547619047619048,0.6658653846153846,9,7,3,10,0.23444685339927673,0.19416475681395368
42,A02,CPU,2450,16,8.183249900000192,0.013822700000673649,4.0,0.0,0.0004766448276094362,4.000476644827609,0.4766448276094362,0.5172413793103449,0.5120192307692308,0.5142857142857142,6,8,6,9,0.275497704744339,0.2456343852240464
42,A03,CPU,2450,16,7.779792899999848,0.012554399999316956,4.0,0.0,0.000432910344804033,4.000432910344804,0.432910344804033,0.7586206896551724,0.7478260869565218,0.7523809523809524,8,6,1,14,0.13658639788627625,0.17748512790120882
42,A04,CPU,2450,16,7.728086699999949,0.012044199999763805,4.0,0.0,0.0004153172413711657,4.000415317241371,0.41531724137116566,0.8275862068965517,0.8242424242424242,0.8221153846153846,10,3,2,14,0.18033678829669952,0.24492940409430144
42,A05,CPU,2450,16,7.819831800000429,0.012458799999876646,4.0,0.0,0.0004296137930991947,4.0004296137930995,0.4296137930991947,0.5517241379310345,0.5495818399044206,0.55,7,7,6,9,0.2572482228279114,0.17150208045696388
42,A06,CPU,2450,16,7.840157199999339,0.011601899999732268,4.0,0.0,0.00040006551723214715,4.0004000655172325,0.40006551723214717,0.5172413793103449,0.5166666666666666,0.5166666666666666,8,7,7,7,0.2508876323699951,0.21628166067189183
42,A07,CPU,2450,16,8.723379799999748,0.01260069999989355,4.0,0.0,0.00043450689654805344,4.000434506896548,0.4345068965480534,0.3793103448275862,0.37259615384615385,0.3761904761904762,4,10,8,7,0.28853726387023926,0.27943471176870943
42,A08,CPU,2450,16,8.7776716999997,0.013165200000003097,4.0,0.0,0.0004539724137932102,4.000453972413793,0.45397241379321024,0.9655172413793104,0.9653524492234169,0.9642857142857143,13,1,0,15,0.053308598697185516,0.1193472890761392
42,A09,CPU,2450,16,8.593275399999584,0.012949900000421621,4.0,0.0,0.00044654827587660764,4.000446548275876,0.44654827587660767,0.9655172413793104,0.9653524492234169,0.9642857142857143,15,0,1,13,0.03305739536881447,0.07233548999346537
