seed,subject,model,device,input_augment,mixup_augment,parameters,batch_size,train_time_sec,inference_time_sec,delay_acquisition_sec,delay_methodological_sec,delay_computational_sec,delay_total_sec,inference_time_per_trial_ms,accuracy,macro_f1,balanced_acc,brier_score,ece,cm_00,cm_01,cm_02,cm_03,cm_10,cm_11,cm_12,cm_13,cm_20,cm_21,cm_22,cm_23,cm_30,cm_31,cm_32,cm_33
42,A01,EEGNET,NVIDIA GeForce RTX 4080 Laptop GPU,False,False,3444,16,2.962797123999735,0.010920871999587689,4.0,0.0,3.7919694443012806e-05,4.000037919694443,0.037919694443012804,0.6493055555555556,0.635994957807916,0.6493055555555556,0.45958896452311493,0.08838820581634839,35,27,6,4,6,64,2,0,7,2,32,31,3,0,13,56
42,A02,EEGNET,NVIDIA GeForce RTX 4080 Laptop GPU,False,False,3444,16,2.1618271659999664,0.009878329999992275,4.0,0.0,3.429975694441762e-05,4.000034299756944,0.03429975694441762,0.3159722222222222,0.3096381091895128,0.3159722222222222,0.7859114546313704,0.15389461680832836,35,17,10,10,28,18,12,14,30,7,19,16,23,16,14,19
42,A03,EEGNET,NVIDIA GeForce RTX 4080 Laptop GPU,False,False,3444,16,2.151834952000172,0.011956143000134034,4.0,0.0,4.1514385417132064e-05,4.000041514385417,0.041514385417132066,0.6597222222222222,0.6125754698995289,0.6597222222222222,0.45437929150813894,0.07706302797628772,53,11,7,1,6,64,2,0,14,15,10,33,3,3,3,63
42,A04,EEGNET,NVIDIA GeForce RTX 4080 Laptop GPU,False,False,3444,16,2.1383278960001917,0.011899535999873478,4.0,0.0,4.131783333289402e-05,4.0000413178333325,0.04131783333289402,0.4895833333333333,0.4880951639039953,0.4895833333333333,0.6635117365378054,0.09694854252868228,35,23,8,6,14,29,16,13,10,5,36,21,8,5,18,41
42,A05,EEGNET,NVIDIA GeForce RTX 4080 Laptop GPU,False,False,3444,16,2.1459524019992386,0.011941437000132282,4.0,0.0,4.146332291712598e-05,4.000041463322917,0.04146332291712598,0.2847222222222222,0.2814758352574349,0.2847222222222222,0.7816414798250236,0.1507452007176148,16,19,26,11,20,26,14,12,15,17,24,16,10,22,24,16
42,A06,EEGNET,NVIDIA GeForce RTX 4080 Laptop GPU,False,False,3444,16,2.1398934849994475,0.011940847000005306,4.0,0.0,4.146127430557398e-05,4.000041461274305,0.041461274305573975,0.3784722222222222,0.3705274392670962,0.3784722222222222,0.7157169435945716,0.06792900173200503,36,17,9,10,16,36,15,5,25,14,17,16,17,15,20,20
42,A07,EEGNET,NVIDIA GeForce RTX 4080 Laptop GPU,False,False,3444,16,2.144722983000065,0.012353800999335363,4.0,0.0,4.289514235880334e-05,4.000042895142359,0.042895142358803345,0.3645833333333333,0.3577948425687787,0.36458333333333337,0.7310678374495169,0.14439051153345242,17,22,19,14,18,27,17,10,10,25,19,18,2,14,14,42
42,A08,EEGNET,NVIDIA GeForce RTX 4080 Laptop GPU,False,False,3444,16,2.2344289069997103,0.012079914000423742,4.0,0.0,4.194414583480466e-05,4.000041944145835,0.04194414583480466,0.6944444444444444,0.6916345562363131,0.6944444444444444,0.40673834459311986,0.04614654762877359,59,1,10,2,5,56,8,3,15,14,36,7,4,7,12,49
42,A09,EEGNET,NVIDIA GeForce RTX 4080 Laptop GPU,False,False,3444,16,2.1646819689995027,0.011984339000264299,4.0,0.0,4.161228819536215e-05,4.000041612288196,0.04161228819536215,0.7916666666666666,0.7894151511894686,0.7916666666666667,0.32247124438011426,0.060835751497911074,65,4,3,0,6,47,7,12,3,11,53,5,0,4,5,63
97,A01,EEGNET,NVIDIA GeForce RTX 4080 Laptop GPU,False,False,3444,16,2.1543133229997693,0.012012232999950356,4.0,0.0,4.1709142360938735e-05,4.000041709142361,0.041709142360938735,0.6354166666666666,0.6271250993098851,0.6354166666666667,0.4678890015123511,0.04785438989185624,41,22,9,0,5,65,2,0,8,2,30,32,4,0,21,47
97,A02,EEGNET,NVIDIA GeForce RTX 4080 Laptop GPU,False,False,3444,16,2.1495871819997774,0.012079314999937196,4.0,0.0,4.194206597200415e-05,4.000041942065972,0.04194206597200415,0.3055555555555556,0.3077366938287507,0.3055555555555556,0.8087692713266345,0.16629981011566186,24,21,10,17,26,22,9,15,24,8,21,19,23,16,12,21
97,A03,EEGNET,NVIDIA GeForce RTX 4080 Laptop GPU,False,False,3444,16,2.1561684130001595,0.011951178000344953,4.0,0.0,4.149714583453109e-05,4.000041497145834,0.04149714583453109,0.7222222222222222,0.6933569698275581,0.7222222222222223,0.3830717247400269,0.03980541487948763,62,8,2,0,4,67,1,0,13,16,20,23,2,2,9,59
97,A04,EEGNET,NVIDIA GeForce RTX 4080 Laptop GPU,False,False,3444,16,2.1551384349995715,0.011886229000083404,4.0,0.0,4.127162847251182e-05,4.000041271628472,0.04127162847251182,0.5069444444444444,0.5046053790468839,0.5069444444444444,0.6415991828536174,0.10343992368628578,33,15,19,5,17,31,14,10,8,5,47,12,10,5,22,35
97,A05,EEGNET,NVIDIA GeForce RTX 4080 Laptop GPU,False,False,3444,16,2.1464824429995133,0.01462233100028243,4.0,0.0,5.0771982639869544e-05,4.0000507719826395,0.050771982639869546,0.2916666666666667,0.2922130268688934,0.2916666666666667,0.7775638257348326,0.1583189536920852,23,26,15,8,27,23,12,10,21,17,17,17,7,25,19,21
97,A06,EEGNET,NVIDIA GeForce RTX 4080 Laptop GPU,False,False,3444,16,2.147208273000615,0.011981207000644645,4.0,0.0,4.160141319668279e-05,4.000041601413197,0.04160141319668279,0.4618055555555556,0.4550741953354165,0.4618055555555556,0.6720080591742185,0.06636978540983467,46,14,8,4,17,36,14,5,19,11,25,17,17,14,15,26
97,A07,EEGNET,NVIDIA GeForce RTX 4080 Laptop GPU,False,False,3444,16,2.1461847629998374,0.01200503000018216,4.0,0.0,4.1684131945076944e-05,4.000041684131945,0.041684131945076947,0.5104166666666666,0.4986906716874295,0.5104166666666667,0.6229491150003937,0.0733383952950438,23,27,10,12,15,46,5,6,6,11,29,26,3,9,11,49
97,A08,EEGNET,NVIDIA GeForce RTX 4080 Laptop GPU,False,False,3444,16,2.183082454000214,0.00976457999968261,4.0,0.0,3.390479166556462e-05,4.000033904791666,0.03390479166556462,0.6458333333333334,0.6423227574207213,0.6458333333333334,0.4562794016192481,0.06897461911042532,61,1,8,2,6,46,16,4,24,10,31,7,8,6,10,48
97,A09,EEGNET,NVIDIA GeForce RTX 4080 Laptop GPU,False,False,3444,16,2.171077015999799,0.012161823000496952,4.0,0.0,4.222855208505886e-05,4.000042228552085,0.04222855208505886,0.7256944444444444,0.7212367325209681,0.7256944444444444,0.3872132655230824,0.062343788333237164,58,9,3,2,6,41,13,12,5,10,45,12,0,4,3,65
123,A01,EEGNET,NVIDIA GeForce RTX 4080 Laptop GPU,False,False,3444,16,2.161304153999481,0.01198948500041297,4.0,0.0,4.1630156251433924e-05,4.000041630156251,0.041630156251433924,0.6527777777777778,0.6407432117222327,0.6527777777777777,0.4650641786295791,0.07717389509909683,38,23,9,2,5,64,3,0,4,1,29,38,2,0,13,57
123,A02,EEGNET,NVIDIA GeForce RTX 4080 Laptop GPU,False,False,3444,16,2.1833325360003073,0.011925030999918818,4.0,0.0,4.1406357638607005e-05,4.000041406357639,0.041406357638607005,0.3125,0.29970042293233085,0.3125,0.8060958167558625,0.17081061771346465,39,13,13,7,22,21,14,15,33,7,18,14,29,15,16,12
123,A03,EEGNET,NVIDIA GeForce RTX 4080 Laptop GPU,False,False,3444,16,2.1629474900000787,0.011944427999878826,4.0,0.0,4.147370833291259e-05,4.0000414737083325,0.04147370833291259,0.6875,0.6485107819562288,0.6875,0.41926538801578866,0.06797145400196315,59,7,4,2,5,66,1,0,10,18,14,30,5,2,6,59
123,A04,EEGNET,NVIDIA GeForce RTX 4080 Laptop GPU,False,False,3444,16,2.148684282999966,0.01197803900049621,4.0,0.0,4.15904131961674e-05,4.000041590413196,0.0415904131961674,0.5243055555555556,0.5226871253429493,0.5243055555555556,0.6468833975598718,0.12288754464437564,37,19,10,6,17,35,10,10,7,4,33,28,6,4,16,46
123,A05,EEGNET,NVIDIA GeForce RTX 4080 Laptop GPU,False,False,3444,16,2.161489447999884,0.011920443000235537,4.0,0.0,4.139042708415117e-05,4.000041390427084,0.041390427084151166,0.2881944444444444,0.28831529958233876,0.2881944444444444,0.797673302668925,0.1528418994405203,23,12,25,12,29,17,20,6,22,10,23,17,16,21,15,20
123,A06,EEGNET,NVIDIA GeForce RTX 4080 Laptop GPU,False,False,3444,16,2.163174600000275,0.011901834000127565,4.0,0.0,4.132581250044293e-05,4.0000413258125,0.041325812500442934,0.4895833333333333,0.4786236126667346,0.48958333333333337,0.6521816654034266,0.033243896439671516,53,10,6,3,19,36,10,7,22,8,25,17,18,18,9,27
123,A07,EEGNET,NVIDIA GeForce RTX 4080 Laptop GPU,False,False,3444,16,2.166094215999692,0.011930686000596324,4.0,0.0,4.1425993057626125e-05,4.000041425993057,0.04142599305762613,0.5416666666666666,0.5417766442574209,0.5416666666666666,0.5919692242433334,0.08794948106838599,41,16,11,4,32,35,4,1,2,3,45,22,0,1,36,35
123,A08,EEGNET,NVIDIA GeForce RTX 4080 Laptop GPU,False,False,3444,16,2.198647279999932,0.010670118000234652,4.0,0.0,3.70490208341481e-05,4.000037049020834,0.0370490208341481,0.65625,0.6528024989649935,0.65625,0.4710320824677019,0.05418670881125661,58,2,11,1,2,55,12,3,17,18,31,6,4,12,11,45
123,A09,EEGNET,NVIDIA GeForce RTX 4080 Laptop GPU,False,False,3444,16,2.2015114460000405,0.012037803999191965,4.0,0.0,4.179793055274988e-05,4.000041797930553,0.04179793055274988,0.78125,0.7741708894656614,0.7812499999999999,0.344251108627793,0.06322015863325864,66,3,3,0,4,38,11,19,3,9,55,5,0,2,4,66
