subject,method,mean_cv_accuracy,std_cv_accuracy
A01,bandpower,0.541871921182266,0.09430635329594406
A01,csp,0.6588669950738917,0.11166222948324546
A01,morlet,0.5352216748768474,0.052967119851722
A01,riemannian_mdm,0.6736453201970443,0.07114134538934078
A02,bandpower,0.5899014778325122,0.06915219281461313
A02,csp,0.7635467980295567,0.047377793255348064
A02,morlet,0.42290640394088663,0.08590552529311682
A02,riemannian_mdm,0.7083743842364532,0.05182958990172467
A03,bandpower,0.7152709359605911,0.0662190640942127
A03,csp,0.7226600985221674,0.0865159835478697
A03,morlet,0.7642857142857142,0.07351917628062973
A03,riemannian_mdm,0.7571428571428571,0.021864375390317378
A04,bandpower,0.5002463054187192,0.08100228446814456
A04,csp,0.6394088669950738,0.04844145721749566
A04,morlet,0.4935960591133005,0.06244704616865304
A04,riemannian_mdm,0.5133004926108374,0.10423114516176595
A05,bandpower,0.49211822660098525,0.13565146552830956
A05,csp,0.6805418719211823,0.09867445127448222
A05,morlet,0.5834975369458129,0.031499179452729384
A05,riemannian_mdm,0.5770935960591134,0.08929887791530593
A06,bandpower,0.5970443349753695,0.11132350998711983
A06,csp,0.7150246305418719,0.04005398696054923
A06,morlet,0.6389162561576355,0.09906868125703702
A06,riemannian_mdm,0.569704433497537,0.06502416405266313
A07,bandpower,0.5406403940886699,0.1286872154773331
A07,csp,0.6036945812807881,0.09577607663979522
A07,morlet,0.47832512315270936,0.09153817534338574
A07,riemannian_mdm,0.4931034482758621,0.08586137653785335
A08,bandpower,0.5630541871921182,0.05832811868222928
A08,csp,0.8965517241379309,0.1090440572471855
A08,morlet,0.5894088669950739,0.1123447048978317
A08,riemannian_mdm,0.8192118226600986,0.046197862719371555
A09,bandpower,0.6603448275862069,0.1212425758051666
A09,csp,0.8054187192118226,0.06313303260086844
A09,morlet,0.7293103448275862,0.055735275431877986
A09,riemannian_mdm,0.7435960591133005,0.06535453332282212
