subject,method,n_per_class,subject_mean_accuracy,subject_std_repeats
A01,bandpower,5,0.48888888888888893,0.03322044725255094
A01,bandpower,10,0.49722222222222223,0.051742304566682634
A01,bandpower,20,0.5048611111111111,0.04037344959374621
A01,bandpower,40,0.5006944444444444,0.031211395908672553
A01,bandpower,72,0.5,0.0
A01,csp,5,0.5322916666666667,0.07822017432152775
A01,csp,10,0.5069444444444444,0.07394069985817397
A01,csp,20,0.5361111111111111,0.0697944396615326
A01,csp,40,0.5350694444444445,0.0518439919812162
A01,csp,72,0.5277777777777778,0.0
A01,morlet,5,0.523611111111111,0.03943847249083893
A01,morlet,10,0.5190972222222222,0.04482855534805792
A01,morlet,20,0.5208333333333333,0.032416108550645806
A01,morlet,40,0.5142361111111111,0.04223990424996409
A01,morlet,72,0.5416666666666666,0.0
A01,riemannian_mdm,5,0.5819444444444445,0.04492611796464968
A01,riemannian_mdm,10,0.603125,0.06138441510781587
A01,riemannian_mdm,20,0.6336805555555556,0.04085932011134076
A01,riemannian_mdm,40,0.6461805555555555,0.02593239746227972
A01,riemannian_mdm,72,0.6666666666666666,0.0
