n_per_class,repeat,accuracy,n_train_total,subject,method,train_session,test_session
5,0,0.5277777777777778,10,A01,bandpower,T,E
5,1,0.5069444444444444,10,A01,bandpower,T,E
5,2,0.5138888888888888,10,A01,bandpower,T,E
5,3,0.4930555555555556,10,A01,bandpower,T,E
5,4,0.4652777777777778,10,A01,bandpower,T,E
5,5,0.5486111111111112,10,A01,bandpower,T,E
5,6,0.5277777777777778,10,A01,bandpower,T,E
5,7,0.4305555555555556,10,A01,bandpower,T,E
5,8,0.5277777777777778,10,A01,bandpower,T,E
5,9,0.4722222222222222,10,A01,bandpower,T,E
5,10,0.5277777777777778,10,A01,bandpower,T,E
5,11,0.4652777777777778,10,A01,bandpower,T,E
5,12,0.4722222222222222,10,A01,bandpower,T,E
5,13,0.4930555555555556,10,A01,bandpower,T,E
5,14,0.5,10,A01,bandpower,T,E
5,15,0.4652777777777778,10,A01,bandpower,T,E
5,16,0.4652777777777778,10,A01,bandpower,T,E
5,17,0.4791666666666667,10,A01,bandpower,T,E
5,18,0.4652777777777778,10,A01,bandpower,T,E
5,19,0.4305555555555556,10,A01,bandpower,T,E
10,0,0.5208333333333334,20,A01,bandpower,T,E
10,1,0.5069444444444444,20,A01,bandpower,T,E
10,2,0.4583333333333333,20,A01,bandpower,T,E
10,3,0.5486111111111112,20,A01,bandpower,T,E
10,4,0.4722222222222222,20,A01,bandpower,T,E
10,5,0.4444444444444444,20,A01,bandpower,T,E
10,6,0.5555555555555556,20,A01,bandpower,T,E
10,7,0.4236111111111111,20,A01,bandpower,T,E
10,8,0.4583333333333333,20,A01,bandpower,T,E
10,9,0.4583333333333333,20,A01,bandpower,T,E
10,10,0.5208333333333334,20,A01,bandpower,T,E
10,11,0.4930555555555556,20,A01,bandpower,T,E
10,12,0.4305555555555556,20,A01,bandpower,T,E
10,13,0.5902777777777778,20,A01,bandpower,T,E
10,14,0.5208333333333334,20,A01,bandpower,T,E
10,15,0.4097222222222222,20,A01,bandpower,T,E
10,16,0.5208333333333334,20,A01,bandpower,T,E
10,17,0.5833333333333334,20,A01,bandpower,T,E
10,18,0.5277777777777778,20,A01,bandpower,T,E
10,19,0.5,20,A01,bandpower,T,E
20,0,0.5138888888888888,40,A01,bandpower,T,E
20,1,0.4861111111111111,40,A01,bandpower,T,E
20,2,0.4722222222222222,40,A01,bandpower,T,E
20,3,0.4791666666666667,40,A01,bandpower,T,E
20,4,0.5,40,A01,bandpower,T,E
20,5,0.5763888888888888,40,A01,bandpower,T,E
20,6,0.4722222222222222,40,A01,bandpower,T,E
20,7,0.5277777777777778,40,A01,bandpower,T,E
20,8,0.5416666666666666,40,A01,bandpower,T,E
20,9,0.5625,40,A01,bandpower,T,E
20,10,0.4444444444444444,40,A01,bandpower,T,E
20,11,0.5138888888888888,40,A01,bandpower,T,E
20,12,0.5694444444444444,40,A01,bandpower,T,E
20,13,0.5277777777777778,40,A01,bandpower,T,E
20,14,0.4375,40,A01,bandpower,T,E
20,15,0.4930555555555556,40,A01,bandpower,T,E
20,16,0.4791666666666667,40,A01,bandpower,T,E
20,17,0.4791666666666667,40,A01,bandpower,T,E
20,18,0.5486111111111112,40,A01,bandpower,T,E
20,19,0.4722222222222222,40,A01,bandpower,T,E
40,0,0.4791666666666667,80,A01,bandpower,T,E
40,1,0.4652777777777778,80,A01,bandpower,T,E
40,2,0.4583333333333333,80,A01,bandpower,T,E
40,3,0.4791666666666667,80,A01,bandpower,T,E
40,4,0.5208333333333334,80,A01,bandpower,T,E
40,5,0.5277777777777778,80,A01,bandpower,T,E
40,6,0.5277777777777778,80,A01,bandpower,T,E
40,7,0.4791666666666667,80,A01,bandpower,T,E
40,8,0.5138888888888888,80,A01,bandpower,T,E
40,9,0.5138888888888888,80,A01,bandpower,T,E
40,10,0.5138888888888888,80,A01,bandpower,T,E
40,11,0.5486111111111112,80,A01,bandpower,T,E
40,12,0.5208333333333334,80,A01,bandpower,T,E
40,13,0.5347222222222222,80,A01,bandpower,T,E
40,14,0.4513888888888889,80,A01,bandpower,T,E
40,15,0.5,80,A01,bandpower,T,E
40,16,0.4652777777777778,80,A01,bandpower,T,E
40,17,0.5069444444444444,80,A01,bandpower,T,E
40,18,0.4583333333333333,80,A01,bandpower,T,E
40,19,0.5486111111111112,80,A01,bandpower,T,E
72,0,0.5,144,A01,bandpower,T,E
72,1,0.5,144,A01,bandpower,T,E
72,2,0.5,144,A01,bandpower,T,E
72,3,0.5,144,A01,bandpower,T,E
72,4,0.5,144,A01,bandpower,T,E
72,5,0.5,144,A01,bandpower,T,E
72,6,0.5,144,A01,bandpower,T,E
72,7,0.5,144,A01,bandpower,T,E
72,8,0.5,144,A01,bandpower,T,E
72,9,0.5,144,A01,bandpower,T,E
72,10,0.5,144,A01,bandpower,T,E
72,11,0.5,144,A01,bandpower,T,E
72,12,0.5,144,A01,bandpower,T,E
72,13,0.5,144,A01,bandpower,T,E
72,14,0.5,144,A01,bandpower,T,E
72,15,0.5,144,A01,bandpower,T,E
72,16,0.5,144,A01,bandpower,T,E
72,17,0.5,144,A01,bandpower,T,E
72,18,0.5,144,A01,bandpower,T,E
72,19,0.5,144,A01,bandpower,T,E
5,0,0.5486111111111112,10,A01,csp,T,E
5,1,0.6319444444444444,10,A01,csp,T,E
5,2,0.5833333333333334,10,A01,csp,T,E
5,3,0.5069444444444444,10,A01,csp,T,E
5,4,0.4027777777777778,10,A01,csp,T,E
5,5,0.5347222222222222,10,A01,csp,T,E
5,6,0.5902777777777778,10,A01,csp,T,E
5,7,0.6666666666666666,10,A01,csp,T,E
5,8,0.5347222222222222,10,A01,csp,T,E
5,9,0.6666666666666666,10,A01,csp,T,E
5,10,0.4513888888888889,10,A01,csp,T,E
5,11,0.4722222222222222,10,A01,csp,T,E
5,12,0.4791666666666667,10,A01,csp,T,E
5,13,0.4375,10,A01,csp,T,E
5,14,0.5138888888888888,10,A01,csp,T,E
5,15,0.6527777777777778,10,A01,csp,T,E
5,16,0.4930555555555556,10,A01,csp,T,E
5,17,0.4722222222222222,10,A01,csp,T,E
5,18,0.5416666666666666,10,A01,csp,T,E
5,19,0.4652777777777778,10,A01,csp,T,E
10,0,0.4722222222222222,20,A01,csp,T,E
10,1,0.5347222222222222,20,A01,csp,T,E
10,2,0.6805555555555556,20,A01,csp,T,E
10,3,0.4583333333333333,20,A01,csp,T,E
10,4,0.5277777777777778,20,A01,csp,T,E
10,5,0.5138888888888888,20,A01,csp,T,E
10,6,0.3888888888888889,20,A01,csp,T,E
10,7,0.4375,20,A01,csp,T,E
10,8,0.4097222222222222,20,A01,csp,T,E
10,9,0.5277777777777778,20,A01,csp,T,E
10,10,0.5138888888888888,20,A01,csp,T,E
10,11,0.5763888888888888,20,A01,csp,T,E
10,12,0.4375,20,A01,csp,T,E
10,13,0.4444444444444444,20,A01,csp,T,E
10,14,0.5972222222222222,20,A01,csp,T,E
10,15,0.5972222222222222,20,A01,csp,T,E
10,16,0.5555555555555556,20,A01,csp,T,E
10,17,0.5486111111111112,20,A01,csp,T,E
10,18,0.4305555555555556,20,A01,csp,T,E
10,19,0.4861111111111111,20,A01,csp,T,E
20,0,0.5138888888888888,40,A01,csp,T,E
20,1,0.5347222222222222,40,A01,csp,T,E
20,2,0.4652777777777778,40,A01,csp,T,E
20,3,0.6805555555555556,40,A01,csp,T,E
20,4,0.5208333333333334,40,A01,csp,T,E
20,5,0.5138888888888888,40,A01,csp,T,E
20,6,0.5,40,A01,csp,T,E
20,7,0.5555555555555556,40,A01,csp,T,E
20,8,0.5138888888888888,40,A01,csp,T,E
20,9,0.5208333333333334,40,A01,csp,T,E
20,10,0.5763888888888888,40,A01,csp,T,E
20,11,0.5555555555555556,40,A01,csp,T,E
20,12,0.4930555555555556,40,A01,csp,T,E
20,13,0.6041666666666666,40,A01,csp,T,E
20,14,0.3402777777777778,40,A01,csp,T,E
20,15,0.5555555555555556,40,A01,csp,T,E
20,16,0.6458333333333334,40,A01,csp,T,E
20,17,0.5347222222222222,40,A01,csp,T,E
20,18,0.5902777777777778,40,A01,csp,T,E
20,19,0.5069444444444444,40,A01,csp,T,E
40,0,0.5138888888888888,80,A01,csp,T,E
40,1,0.4930555555555556,80,A01,csp,T,E
40,2,0.5763888888888888,80,A01,csp,T,E
40,3,0.4375,80,A01,csp,T,E
40,4,0.5069444444444444,80,A01,csp,T,E
40,5,0.6180555555555556,80,A01,csp,T,E
40,6,0.5138888888888888,80,A01,csp,T,E
40,7,0.5902777777777778,80,A01,csp,T,E
40,8,0.5138888888888888,80,A01,csp,T,E
40,9,0.5277777777777778,80,A01,csp,T,E
40,10,0.5833333333333334,80,A01,csp,T,E
40,11,0.5347222222222222,80,A01,csp,T,E
40,12,0.6458333333333334,80,A01,csp,T,E
40,13,0.5347222222222222,80,A01,csp,T,E
40,14,0.5,80,A01,csp,T,E
40,15,0.5069444444444444,80,A01,csp,T,E
40,16,0.5902777777777778,80,A01,csp,T,E
40,17,0.4652777777777778,80,A01,csp,T,E
40,18,0.5486111111111112,80,A01,csp,T,E
40,19,0.5,80,A01,csp,T,E
72,0,0.5277777777777778,144,A01,csp,T,E
72,1,0.5277777777777778,144,A01,csp,T,E
72,2,0.5277777777777778,144,A01,csp,T,E
72,3,0.5277777777777778,144,A01,csp,T,E
72,4,0.5277777777777778,144,A01,csp,T,E
72,5,0.5277777777777778,144,A01,csp,T,E
72,6,0.5277777777777778,144,A01,csp,T,E
72,7,0.5277777777777778,144,A01,csp,T,E
72,8,0.5277777777777778,144,A01,csp,T,E
72,9,0.5277777777777778,144,A01,csp,T,E
72,10,0.5277777777777778,144,A01,csp,T,E
72,11,0.5277777777777778,144,A01,csp,T,E
72,12,0.5277777777777778,144,A01,csp,T,E
72,13,0.5277777777777778,144,A01,csp,T,E
72,14,0.5277777777777778,144,A01,csp,T,E
72,15,0.5277777777777778,144,A01,csp,T,E
72,16,0.5277777777777778,144,A01,csp,T,E
72,17,0.5277777777777778,144,A01,csp,T,E
72,18,0.5277777777777778,144,A01,csp,T,E
72,19,0.5277777777777778,144,A01,csp,T,E
5,0,0.4583333333333333,10,A01,morlet,T,E
5,1,0.4375,10,A01,morlet,T,E
5,2,0.4791666666666667,10,A01,morlet,T,E
5,3,0.5277777777777778,10,A01,morlet,T,E
5,4,0.5138888888888888,10,A01,morlet,T,E
5,5,0.5069444444444444,10,A01,morlet,T,E
5,6,0.5416666666666666,10,A01,morlet,T,E
5,7,0.5416666666666666,10,A01,morlet,T,E
5,8,0.5416666666666666,10,A01,morlet,T,E
5,9,0.5277777777777778,10,A01,morlet,T,E
5,10,0.5347222222222222,10,A01,morlet,T,E
5,11,0.5555555555555556,10,A01,morlet,T,E
5,12,0.5277777777777778,10,A01,morlet,T,E
5,13,0.5486111111111112,10,A01,morlet,T,E
5,14,0.5555555555555556,10,A01,morlet,T,E
5,15,0.5,10,A01,morlet,T,E
5,16,0.4930555555555556,10,A01,morlet,T,E
5,17,0.5069444444444444,10,A01,morlet,T,E
5,18,0.6180555555555556,10,A01,morlet,T,E
5,19,0.5555555555555556,10,A01,morlet,T,E
10,0,0.4444444444444444,20,A01,morlet,T,E
10,1,0.5555555555555556,20,A01,morlet,T,E
10,2,0.5902777777777778,20,A01,morlet,T,E
10,3,0.5555555555555556,20,A01,morlet,T,E
10,4,0.4861111111111111,20,A01,morlet,T,E
10,5,0.5138888888888888,20,A01,morlet,T,E
10,6,0.4513888888888889,20,A01,morlet,T,E
10,7,0.6041666666666666,20,A01,morlet,T,E
10,8,0.4652777777777778,20,A01,morlet,T,E
10,9,0.5069444444444444,20,A01,morlet,T,E
10,10,0.4861111111111111,20,A01,morlet,T,E
10,11,0.5138888888888888,20,A01,morlet,T,E
10,12,0.5347222222222222,20,A01,morlet,T,E
10,13,0.5069444444444444,20,A01,morlet,T,E
10,14,0.4930555555555556,20,A01,morlet,T,E
10,15,0.5486111111111112,20,A01,morlet,T,E
10,16,0.5555555555555556,20,A01,morlet,T,E
10,17,0.4861111111111111,20,A01,morlet,T,E
10,18,0.5763888888888888,20,A01,morlet,T,E
10,19,0.5069444444444444,20,A01,morlet,T,E
20,0,0.4375,40,A01,morlet,T,E
20,1,0.5277777777777778,40,A01,morlet,T,E
20,2,0.5347222222222222,40,A01,morlet,T,E
20,3,0.5,40,A01,morlet,T,E
20,4,0.5347222222222222,40,A01,morlet,T,E
20,5,0.5208333333333334,40,A01,morlet,T,E
20,6,0.5277777777777778,40,A01,morlet,T,E
20,7,0.5208333333333334,40,A01,morlet,T,E
20,8,0.5625,40,A01,morlet,T,E
20,9,0.4930555555555556,40,A01,morlet,T,E
20,10,0.5138888888888888,40,A01,morlet,T,E
20,11,0.5069444444444444,40,A01,morlet,T,E
20,12,0.4652777777777778,40,A01,morlet,T,E
20,13,0.5486111111111112,40,A01,morlet,T,E
20,14,0.5486111111111112,40,A01,morlet,T,E
20,15,0.4861111111111111,40,A01,morlet,T,E
20,16,0.5347222222222222,40,A01,morlet,T,E
20,17,0.5694444444444444,40,A01,morlet,T,E
20,18,0.5486111111111112,40,A01,morlet,T,E
20,19,0.5347222222222222,40,A01,morlet,T,E
40,0,0.4722222222222222,80,A01,morlet,T,E
40,1,0.5555555555555556,80,A01,morlet,T,E
40,2,0.5694444444444444,80,A01,morlet,T,E
40,3,0.5416666666666666,80,A01,morlet,T,E
40,4,0.5,80,A01,morlet,T,E
40,5,0.4236111111111111,80,A01,morlet,T,E
40,6,0.5069444444444444,80,A01,morlet,T,E
40,7,0.4930555555555556,80,A01,morlet,T,E
40,8,0.5,80,A01,morlet,T,E
40,9,0.5416666666666666,80,A01,morlet,T,E
40,10,0.5,80,A01,morlet,T,E
40,11,0.5277777777777778,80,A01,morlet,T,E
40,12,0.5208333333333334,80,A01,morlet,T,E
40,13,0.5,80,A01,morlet,T,E
40,14,0.6111111111111112,80,A01,morlet,T,E
40,15,0.4583333333333333,80,A01,morlet,T,E
40,16,0.4861111111111111,80,A01,morlet,T,E
40,17,0.5625,80,A01,morlet,T,E
40,18,0.5208333333333334,80,A01,morlet,T,E
40,19,0.4930555555555556,80,A01,morlet,T,E
72,0,0.5416666666666666,144,A01,morlet,T,E
72,1,0.5416666666666666,144,A01,morlet,T,E
72,2,0.5416666666666666,144,A01,morlet,T,E
72,3,0.5416666666666666,144,A01,morlet,T,E
72,4,0.5416666666666666,144,A01,morlet,T,E
72,5,0.5416666666666666,144,A01,morlet,T,E
72,6,0.5416666666666666,144,A01,morlet,T,E
72,7,0.5416666666666666,144,A01,morlet,T,E
72,8,0.5416666666666666,144,A01,morlet,T,E
72,9,0.5416666666666666,144,A01,morlet,T,E
72,10,0.5416666666666666,144,A01,morlet,T,E
72,11,0.5416666666666666,144,A01,morlet,T,E
72,12,0.5416666666666666,144,A01,morlet,T,E
72,13,0.5416666666666666,144,A01,morlet,T,E
72,14,0.5416666666666666,144,A01,morlet,T,E
72,15,0.5416666666666666,144,A01,morlet,T,E
72,16,0.5416666666666666,144,A01,morlet,T,E
72,17,0.5416666666666666,144,A01,morlet,T,E
72,18,0.5416666666666666,144,A01,morlet,T,E
72,19,0.5416666666666666,144,A01,morlet,T,E
5,0,0.5625,10,A01,riemannian_mdm,T,E
5,1,0.6458333333333334,10,A01,riemannian_mdm,T,E
5,2,0.6458333333333334,10,A01,riemannian_mdm,T,E
5,3,0.4861111111111111,10,A01,riemannian_mdm,T,E
5,4,0.6041666666666666,10,A01,riemannian_mdm,T,E
5,5,0.5694444444444444,10,A01,riemannian_mdm,T,E
5,6,0.5625,10,A01,riemannian_mdm,T,E
5,7,0.5972222222222222,10,A01,riemannian_mdm,T,E
5,8,0.5486111111111112,10,A01,riemannian_mdm,T,E
5,9,0.5486111111111112,10,A01,riemannian_mdm,T,E
5,10,0.4930555555555556,10,A01,riemannian_mdm,T,E
5,11,0.5833333333333334,10,A01,riemannian_mdm,T,E
5,12,0.5902777777777778,10,A01,riemannian_mdm,T,E
5,13,0.5833333333333334,10,A01,riemannian_mdm,T,E
5,14,0.5625,10,A01,riemannian_mdm,T,E
5,15,0.5763888888888888,10,A01,riemannian_mdm,T,E
5,16,0.625,10,A01,riemannian_mdm,T,E
5,17,0.6527777777777778,10,A01,riemannian_mdm,T,E
5,18,0.625,10,A01,riemannian_mdm,T,E
5,19,0.5763888888888888,10,A01,riemannian_mdm,T,E
10,0,0.4722222222222222,20,A01,riemannian_mdm,T,E
10,1,0.6388888888888888,20,A01,riemannian_mdm,T,E
10,2,0.6111111111111112,20,A01,riemannian_mdm,T,E
10,3,0.6458333333333334,20,A01,riemannian_mdm,T,E
10,4,0.4236111111111111,20,A01,riemannian_mdm,T,E
10,5,0.5763888888888888,20,A01,riemannian_mdm,T,E
10,6,0.5972222222222222,20,A01,riemannian_mdm,T,E
10,7,0.5694444444444444,20,A01,riemannian_mdm,T,E
10,8,0.5902777777777778,20,A01,riemannian_mdm,T,E
10,9,0.6111111111111112,20,A01,riemannian_mdm,T,E
10,10,0.5763888888888888,20,A01,riemannian_mdm,T,E
10,11,0.6388888888888888,20,A01,riemannian_mdm,T,E
10,12,0.6319444444444444,20,A01,riemannian_mdm,T,E
10,13,0.6458333333333334,20,A01,riemannian_mdm,T,E
10,14,0.625,20,A01,riemannian_mdm,T,E
10,15,0.6736111111111112,20,A01,riemannian_mdm,T,E
10,16,0.6111111111111112,20,A01,riemannian_mdm,T,E
10,17,0.6736111111111112,20,A01,riemannian_mdm,T,E
10,18,0.6041666666666666,20,A01,riemannian_mdm,T,E
10,19,0.6458333333333334,20,A01,riemannian_mdm,T,E
20,0,0.5555555555555556,40,A01,riemannian_mdm,T,E
20,1,0.6875,40,A01,riemannian_mdm,T,E
20,2,0.5763888888888888,40,A01,riemannian_mdm,T,E
20,3,0.5833333333333334,40,A01,riemannian_mdm,T,E
20,4,0.6527777777777778,40,A01,riemannian_mdm,T,E
20,5,0.625,40,A01,riemannian_mdm,T,E
20,6,0.6597222222222222,40,A01,riemannian_mdm,T,E
20,7,0.6666666666666666,40,A01,riemannian_mdm,T,E
20,8,0.6875,40,A01,riemannian_mdm,T,E
20,9,0.625,40,A01,riemannian_mdm,T,E
20,10,0.6388888888888888,40,A01,riemannian_mdm,T,E
20,11,0.6458333333333334,40,A01,riemannian_mdm,T,E
20,12,0.6805555555555556,40,A01,riemannian_mdm,T,E
20,13,0.625,40,A01,riemannian_mdm,T,E
20,14,0.5625,40,A01,riemannian_mdm,T,E
20,15,0.6180555555555556,40,A01,riemannian_mdm,T,E
20,16,0.6597222222222222,40,A01,riemannian_mdm,T,E
20,17,0.6527777777777778,40,A01,riemannian_mdm,T,E
20,18,0.5972222222222222,40,A01,riemannian_mdm,T,E
20,19,0.6736111111111112,40,A01,riemannian_mdm,T,E
40,0,0.6041666666666666,80,A01,riemannian_mdm,T,E
40,1,0.6666666666666666,80,A01,riemannian_mdm,T,E
40,2,0.6388888888888888,80,A01,riemannian_mdm,T,E
40,3,0.6666666666666666,80,A01,riemannian_mdm,T,E
40,4,0.6736111111111112,80,A01,riemannian_mdm,T,E
40,5,0.5972222222222222,80,A01,riemannian_mdm,T,E
40,6,0.6041666666666666,80,A01,riemannian_mdm,T,E
40,7,0.6597222222222222,80,A01,riemannian_mdm,T,E
40,8,0.6805555555555556,80,A01,riemannian_mdm,T,E
40,9,0.6527777777777778,80,A01,riemannian_mdm,T,E
40,10,0.6527777777777778,80,A01,riemannian_mdm,T,E
40,11,0.6458333333333334,80,A01,riemannian_mdm,T,E
40,12,0.6180555555555556,80,A01,riemannian_mdm,T,E
40,13,0.6388888888888888,80,A01,riemannian_mdm,T,E
40,14,0.6458333333333334,80,A01,riemannian_mdm,T,E
40,15,0.6458333333333334,80,A01,riemannian_mdm,T,E
40,16,0.625,80,A01,riemannian_mdm,T,E
40,17,0.6736111111111112,80,A01,riemannian_mdm,T,E
40,18,0.6875,80,A01,riemannian_mdm,T,E
40,19,0.6458333333333334,80,A01,riemannian_mdm,T,E
72,0,0.6666666666666666,144,A01,riemannian_mdm,T,E
72,1,0.6666666666666666,144,A01,riemannian_mdm,T,E
72,2,0.6666666666666666,144,A01,riemannian_mdm,T,E
72,3,0.6666666666666666,144,A01,riemannian_mdm,T,E
72,4,0.6666666666666666,144,A01,riemannian_mdm,T,E
72,5,0.6666666666666666,144,A01,riemannian_mdm,T,E
72,6,0.6666666666666666,144,A01,riemannian_mdm,T,E
72,7,0.6666666666666666,144,A01,riemannian_mdm,T,E
72,8,0.6666666666666666,144,A01,riemannian_mdm,T,E
72,9,0.6666666666666666,144,A01,riemannian_mdm,T,E
72,10,0.6666666666666666,144,A01,riemannian_mdm,T,E
72,11,0.6666666666666666,144,A01,riemannian_mdm,T,E
72,12,0.6666666666666666,144,A01,riemannian_mdm,T,E
72,13,0.6666666666666666,144,A01,riemannian_mdm,T,E
72,14,0.6666666666666666,144,A01,riemannian_mdm,T,E
72,15,0.6666666666666666,144,A01,riemannian_mdm,T,E
72,16,0.6666666666666666,144,A01,riemannian_mdm,T,E
72,17,0.6666666666666666,144,A01,riemannian_mdm,T,E
72,18,0.6666666666666666,144,A01,riemannian_mdm,T,E
72,19,0.6666666666666666,144,A01,riemannian_mdm,T,E
