method,n_per_class,group_mean_accuracy,group_std_across_subjects,n_subjects,group_sem_accuracy
bandpower,5,0.48888888888888893,,1,
bandpower,10,0.49722222222222223,,1,
bandpower,20,0.5048611111111111,,1,
bandpower,40,0.5006944444444444,,1,
bandpower,72,0.5,,1,
csp,5,0.5322916666666667,,1,
csp,10,0.5069444444444444,,1,
csp,20,0.5361111111111111,,1,
csp,40,0.5350694444444445,,1,
csp,72,0.5277777777777778,,1,
morlet,5,0.523611111111111,,1,
morlet,10,0.5190972222222222,,1,
morlet,20,0.5208333333333333,,1,
morlet,40,0.5142361111111111,,1,
morlet,72,0.5416666666666666,,1,
riemannian_mdm,5,0.5819444444444445,,1,
riemannian_mdm,10,0.603125,,1,
riemannian_mdm,20,0.6336805555555556,,1,
riemannian_mdm,40,0.6461805555555555,,1,
riemannian_mdm,72,0.6666666666666666,,1,
