subject,method,mean_cv_accuracy,std_cv_accuracy,train_session,test_session,cross_session_accuracy,n_train,n_test,n_features,transfer_gap
A01,bandpower,0.541871921182266,0.094306353295944,T,E,0.5,144,144,6,0.041871921182266014
A01,csp,0.6588669950738917,0.1116622294832454,T,E,0.5277777777777778,144,144,4,0.1310892172961139
A01,morlet,0.5352216748768474,0.052967119851722,T,E,0.5416666666666666,144,144,6250,-0.0064449917898192766
A01,riemannian_mdm,0.6736453201970443,0.0711413453893407,T,E,0.6666666666666666,144,144,253,0.006978653530377632
A02,bandpower,0.5899014778325122,0.0691521928146131,T,E,0.4861111111111111,144,144,6,0.10379036672140113
A02,csp,0.7635467980295567,0.047377793255348,T,E,0.5833333333333334,144,144,4,0.18021346469622335
A02,morlet,0.4229064039408866,0.0859055252931168,T,E,0.5138888888888888,144,144,6250,-0.09098248494800226
A02,riemannian_mdm,0.7083743842364532,0.0518295899017246,T,E,0.5486111111111112,144,144,253,0.159763273125342
A03,bandpower,0.7152709359605911,0.0662190640942127,T,E,0.5833333333333334,144,144,6,0.13193760262725773
A03,csp,0.7226600985221674,0.0865159835478697,T,E,0.6736111111111112,144,144,4,0.04904898741105623
A03,morlet,0.7642857142857142,0.0735191762806297,T,E,0.7152777777777778,144,144,6250,0.049007936507936445
A03,riemannian_mdm,0.7571428571428571,0.0218643753903173,T,E,0.7083333333333334,144,144,253,0.04880952380952375
A04,bandpower,0.5002463054187192,0.0810022844681445,T,E,0.5,144,144,6,0.00024630541871917266
A04,csp,0.6394088669950738,0.0484414572174956,T,E,0.5486111111111112,144,144,4,0.09079775588396266
A04,morlet,0.4935960591133005,0.062447046168653,T,E,0.4583333333333333,144,144,6250,0.0352627257799672
A04,riemannian_mdm,0.5133004926108374,0.1042311451617659,T,E,0.6111111111111112,144,144,253,-0.09781061850027373
A05,bandpower,0.4921182266009852,0.1356514655283095,T,E,0.5208333333333334,144,144,6,-0.028715106732348172
A05,csp,0.6805418719211823,0.0986744512744822,T,E,0.4861111111111111,144,144,4,0.1944307608100712
A05,morlet,0.5834975369458129,0.0314991794527293,T,E,0.5416666666666666,144,144,6250,0.041830870279146226
A05,riemannian_mdm,0.5770935960591134,0.0892988779153059,T,E,0.5416666666666666,144,144,253,0.03542692939244674
A06,bandpower,0.5970443349753695,0.1113235099871198,T,E,0.6666666666666666,144,144,6,-0.06962233169129717
A06,csp,0.7150246305418719,0.0400539869605492,T,E,0.5555555555555556,144,144,4,0.15946907498631635
A06,morlet,0.6389162561576355,0.099068681257037,T,E,0.5416666666666666,144,144,6250,0.09724958949096885
A06,riemannian_mdm,0.569704433497537,0.0650241640526631,T,E,0.5625,144,144,253,0.007204433497536966
A07,bandpower,0.5406403940886699,0.1286872154773331,T,E,0.5347222222222222,144,144,6,0.005918171866447719
A07,csp,0.6036945812807881,0.0957760766397952,T,E,0.4861111111111111,144,144,4,0.11758347016967702
A07,morlet,0.4783251231527093,0.0915381753433857,T,E,0.5555555555555556,144,144,6250,-0.07723043240284627
A07,riemannian_mdm,0.4931034482758621,0.0858613765378533,T,E,0.625,144,144,253,-0.1318965517241379
A08,bandpower,0.5630541871921182,0.0583281186822292,T,E,0.5763888888888888,144,144,6,-0.013334701696770646
A08,csp,0.8965517241379309,0.1090440572471855,T,E,0.4236111111111111,144,144,4,0.47294061302681983
A08,morlet,0.5894088669950739,0.1123447048978317,T,E,0.4444444444444444,144,144,6250,0.14496442255062947
A08,riemannian_mdm,0.8192118226600986,0.0461978627193715,T,E,0.8333333333333334,144,144,253,-0.01412151067323475
A09,bandpower,0.6603448275862069,0.1212425758051666,T,E,0.5486111111111112,144,144,6,0.11173371647509578
A09,csp,0.8054187192118226,0.0631330326008684,T,E,0.4513888888888889,144,144,4,0.3540298303229337
A09,morlet,0.7293103448275862,0.0557352754318779,T,E,0.7777777777777778,144,144,6250,-0.048467432950191625
A09,riemannian_mdm,0.7435960591133005,0.0653545333228221,T,E,0.6666666666666666,144,144,253,0.07692939244663388
