subject,method,train_session,test_session,cross_session_accuracy,n_train,n_test,n_features
A01,bandpower,T,E,0.5,144,144,6
A01,csp,T,E,0.5277777777777778,144,144,4
A01,morlet,T,E,0.5416666666666666,144,144,6250
A01,riemannian_mdm,T,E,0.6666666666666666,144,144,253
A02,bandpower,T,E,0.4861111111111111,144,144,6
A02,csp,T,E,0.5833333333333334,144,144,4
A02,morlet,T,E,0.5138888888888888,144,144,6250
A02,riemannian_mdm,T,E,0.5486111111111112,144,144,253
A03,bandpower,T,E,0.5833333333333334,144,144,6
A03,csp,T,E,0.6736111111111112,144,144,4
A03,morlet,T,E,0.7152777777777778,144,144,6250
A03,riemannian_mdm,T,E,0.7083333333333334,144,144,253
A04,bandpower,T,E,0.5,144,144,6
A04,csp,T,E,0.5486111111111112,144,144,4
A04,morlet,T,E,0.4583333333333333,144,144,6250
A04,riemannian_mdm,T,E,0.6111111111111112,144,144,253
A05,bandpower,T,E,0.5208333333333334,144,144,6
A05,csp,T,E,0.4861111111111111,144,144,4
A05,morlet,T,E,0.5416666666666666,144,144,6250
A05,riemannian_mdm,T,E,0.5416666666666666,144,144,253
A06,bandpower,T,E,0.6666666666666666,144,144,6
A06,csp,T,E,0.5555555555555556,144,144,4
A06,morlet,T,E,0.5416666666666666,144,144,6250
A06,riemannian_mdm,T,E,0.5625,144,144,253
A07,bandpower,T,E,0.5347222222222222,144,144,6
A07,csp,T,E,0.4861111111111111,144,144,4
A07,morlet,T,E,0.5555555555555556,144,144,6250
A07,riemannian_mdm,T,E,0.625,144,144,253
A08,bandpower,T,E,0.5763888888888888,144,144,6
A08,csp,T,E,0.4236111111111111,144,144,4
A08,morlet,T,E,0.4444444444444444,144,144,6250
A08,riemannian_mdm,T,E,0.8333333333333334,144,144,253
A09,bandpower,T,E,0.5486111111111112,144,144,6
A09,csp,T,E,0.4513888888888889,144,144,4
A09,morlet,T,E,0.7777777777777778,144,144,6250
A09,riemannian_mdm,T,E,0.6666666666666666,144,144,253
