subject,method,session,fold,accuracy
A01,bandpower,T,0,0.6551724137931034
A01,bandpower,T,1,0.4827586206896552
A01,bandpower,T,2,0.5862068965517241
A01,bandpower,T,3,0.41379310344827586
A01,bandpower,T,4,0.5714285714285714
A01,csp,T,0,0.5862068965517241
A01,csp,T,1,0.6206896551724138
A01,csp,T,2,0.7931034482758621
A01,csp,T,3,0.7586206896551724
A01,csp,T,4,0.5357142857142857
A01,morlet,T,0,0.4827586206896552
A01,morlet,T,1,0.5517241379310345
A01,morlet,T,2,0.5517241379310345
A01,morlet,T,3,0.4827586206896552
A01,morlet,T,4,0.6071428571428571
A01,riemannian_mdm,T,0,0.5862068965517241
A01,riemannian_mdm,T,1,0.6206896551724138
A01,riemannian_mdm,T,2,0.7241379310344828
A01,riemannian_mdm,T,3,0.7586206896551724
A01,riemannian_mdm,T,4,0.6785714285714286
A02,bandpower,T,0,0.5172413793103449
A02,bandpower,T,1,0.6896551724137931
A02,bandpower,T,2,0.6206896551724138
A02,bandpower,T,3,0.5862068965517241
A02,bandpower,T,4,0.5357142857142857
A02,csp,T,0,0.8275862068965517
A02,csp,T,1,0.7931034482758621
A02,csp,T,2,0.7586206896551724
A02,csp,T,3,0.7241379310344828
A02,csp,T,4,0.7142857142857143
A02,morlet,T,0,0.41379310344827586
A02,morlet,T,1,0.5517241379310345
A02,morlet,T,2,0.3793103448275862
A02,morlet,T,3,0.4482758620689655
A02,morlet,T,4,0.32142857142857145
A02,riemannian_mdm,T,0,0.7586206896551724
A02,riemannian_mdm,T,1,0.6551724137931034
A02,riemannian_mdm,T,2,0.7586206896551724
A02,riemannian_mdm,T,3,0.6551724137931034
A02,riemannian_mdm,T,4,0.7142857142857143
A03,bandpower,T,0,0.8275862068965517
A03,bandpower,T,1,0.6896551724137931
A03,bandpower,T,2,0.6896551724137931
A03,bandpower,T,3,0.6551724137931034
A03,bandpower,T,4,0.7142857142857143
A03,csp,T,0,0.7586206896551724
A03,csp,T,1,0.7931034482758621
A03,csp,T,2,0.6896551724137931
A03,csp,T,3,0.5862068965517241
A03,csp,T,4,0.7857142857142857
A03,morlet,T,0,0.7931034482758621
A03,morlet,T,1,0.7241379310344828
A03,morlet,T,2,0.6551724137931034
A03,morlet,T,3,0.8275862068965517
A03,morlet,T,4,0.8214285714285714
A03,riemannian_mdm,T,0,0.7586206896551724
A03,riemannian_mdm,T,1,0.7241379310344828
A03,riemannian_mdm,T,2,0.7586206896551724
A03,riemannian_mdm,T,3,0.7586206896551724
A03,riemannian_mdm,T,4,0.7857142857142857
A04,bandpower,T,0,0.41379310344827586
A04,bandpower,T,1,0.4827586206896552
A04,bandpower,T,2,0.6206896551724138
A04,bandpower,T,3,0.4482758620689655
A04,bandpower,T,4,0.5357142857142857
A04,csp,T,0,0.6551724137931034
A04,csp,T,1,0.6206896551724138
A04,csp,T,2,0.6206896551724138
A04,csp,T,3,0.5862068965517241
A04,csp,T,4,0.7142857142857143
A04,morlet,T,0,0.4482758620689655
A04,morlet,T,1,0.5172413793103449
A04,morlet,T,2,0.5172413793103449
A04,morlet,T,3,0.41379310344827586
A04,morlet,T,4,0.5714285714285714
A04,riemannian_mdm,T,0,0.6206896551724138
A04,riemannian_mdm,T,1,0.5862068965517241
A04,riemannian_mdm,T,2,0.3793103448275862
A04,riemannian_mdm,T,3,0.5517241379310345
A04,riemannian_mdm,T,4,0.42857142857142855
A05,bandpower,T,0,0.5517241379310345
A05,bandpower,T,1,0.6551724137931034
A05,bandpower,T,2,0.3448275862068966
A05,bandpower,T,3,0.5517241379310345
A05,bandpower,T,4,0.35714285714285715
A05,csp,T,0,0.7586206896551724
A05,csp,T,1,0.7586206896551724
A05,csp,T,2,0.5172413793103449
A05,csp,T,3,0.6896551724137931
A05,csp,T,4,0.6785714285714286
A05,morlet,T,0,0.5862068965517241
A05,morlet,T,1,0.5517241379310345
A05,morlet,T,2,0.6206896551724138
A05,morlet,T,3,0.5517241379310345
A05,morlet,T,4,0.6071428571428571
A05,riemannian_mdm,T,0,0.6206896551724138
A05,riemannian_mdm,T,1,0.4827586206896552
A05,riemannian_mdm,T,2,0.4827586206896552
A05,riemannian_mdm,T,3,0.6206896551724138
A05,riemannian_mdm,T,4,0.6785714285714286
A06,bandpower,T,0,0.7241379310344828
A06,bandpower,T,1,0.4482758620689655
A06,bandpower,T,2,0.6896551724137931
A06,bandpower,T,3,0.5517241379310345
A06,bandpower,T,4,0.5714285714285714
A06,csp,T,0,0.7586206896551724
A06,csp,T,1,0.6896551724137931
A06,csp,T,2,0.6896551724137931
A06,csp,T,3,0.7586206896551724
A06,csp,T,4,0.6785714285714286
A06,morlet,T,0,0.7931034482758621
A06,morlet,T,1,0.5517241379310345
A06,morlet,T,2,0.5517241379310345
A06,morlet,T,3,0.6551724137931034
A06,morlet,T,4,0.6428571428571429
A06,riemannian_mdm,T,0,0.6206896551724138
A06,riemannian_mdm,T,1,0.6206896551724138
A06,riemannian_mdm,T,2,0.4827586206896552
A06,riemannian_mdm,T,3,0.5172413793103449
A06,riemannian_mdm,T,4,0.6071428571428571
A07,bandpower,T,0,0.6896551724137931
A07,bandpower,T,1,0.5172413793103449
A07,bandpower,T,2,0.4482758620689655
A07,bandpower,T,3,0.6551724137931034
A07,bandpower,T,4,0.39285714285714285
A07,csp,T,0,0.6896551724137931
A07,csp,T,1,0.7241379310344828
A07,csp,T,2,0.5172413793103449
A07,csp,T,3,0.5517241379310345
A07,csp,T,4,0.5357142857142857
A07,morlet,T,0,0.4482758620689655
A07,morlet,T,1,0.5862068965517241
A07,morlet,T,2,0.4482758620689655
A07,morlet,T,3,0.5517241379310345
A07,morlet,T,4,0.35714285714285715
A07,riemannian_mdm,T,0,0.5172413793103449
A07,riemannian_mdm,T,1,0.6206896551724138
A07,riemannian_mdm,T,2,0.41379310344827586
A07,riemannian_mdm,T,3,0.41379310344827586
A07,riemannian_mdm,T,4,0.5
A08,bandpower,T,0,0.5862068965517241
A08,bandpower,T,1,0.5517241379310345
A08,bandpower,T,2,0.5517241379310345
A08,bandpower,T,3,0.4827586206896552
A08,bandpower,T,4,0.6428571428571429
A08,csp,T,0,0.8620689655172413
A08,csp,T,1,0.9310344827586207
A08,csp,T,2,0.7241379310344828
A08,csp,T,3,0.9655172413793104
A08,csp,T,4,1.0
A08,morlet,T,0,0.6206896551724138
A08,morlet,T,1,0.7241379310344828
A08,morlet,T,2,0.4827586206896552
A08,morlet,T,3,0.6551724137931034
A08,morlet,T,4,0.4642857142857143
A08,riemannian_mdm,T,0,0.8620689655172413
A08,riemannian_mdm,T,1,0.8275862068965517
A08,riemannian_mdm,T,2,0.7586206896551724
A08,riemannian_mdm,T,3,0.8620689655172413
A08,riemannian_mdm,T,4,0.7857142857142857
A09,bandpower,T,0,0.4827586206896552
A09,bandpower,T,1,0.7586206896551724
A09,bandpower,T,2,0.5862068965517241
A09,bandpower,T,3,0.7241379310344828
A09,bandpower,T,4,0.75
A09,csp,T,0,0.7241379310344828
A09,csp,T,1,0.8275862068965517
A09,csp,T,2,0.7931034482758621
A09,csp,T,3,0.896551724137931
A09,csp,T,4,0.7857142857142857
A09,morlet,T,0,0.7931034482758621
A09,morlet,T,1,0.6551724137931034
A09,morlet,T,2,0.6896551724137931
A09,morlet,T,3,0.7586206896551724
A09,morlet,T,4,0.75
A09,riemannian_mdm,T,0,0.6551724137931034
A09,riemannian_mdm,T,1,0.7241379310344828
A09,riemannian_mdm,T,2,0.7241379310344828
A09,riemannian_mdm,T,3,0.7931034482758621
A09,riemannian_mdm,T,4,0.8214285714285714
