seed,subject,model,device,parameters,batch_size,train_time_sec,inference_time_sec,delay_acquisition_sec,delay_methodological_sec,delay_computational_sec,delay_total_sec,inference_time_per_trial_ms,accuracy,macro_f1,balanced_acc,brier_score,ece,cm_00,cm_01,cm_10,cm_11
42,A01,EEGNET,CPU,2450,16,82.20269970000118,0.10574089999863645,4.0,0.0,0.0007343118055460865,4.000734311805546,0.7343118055460865,0.6944444444444444,0.6785714285714286,0.6944444444444444,0.1828181892633438,0.16832438830493227,66,6,38,34
42,A02,EEGNET,CPU,2450,16,89.32913600000029,0.09204909999971278,4.0,0.0,0.0006392298611091166,4.000639229861109,0.6392298611091166,0.6041666666666666,0.6026143790849673,0.6041666666666666,0.2370496541261673,0.10556267424383095,39,33,24,48
42,A03,EEGNET,CPU,2450,16,123.81929649999984,0.06899659999908181,4.0,0.0,0.0004791430555491792,4.000479143055549,0.4791430555491792,0.9305555555555556,0.9305421570519004,0.9305555555555556,0.09009119123220444,0.15912993190189204,66,6,4,68
42,A04,EEGNET,CPU,2450,16,111.43201600000066,0.07021250000070722,4.0,0.0,0.00048758680556046683,4.00048758680556,0.48758680556046685,0.6041666666666666,0.5613275613275613,0.6041666666666666,0.22715885937213898,0.16143178401721847,21,51,6,66
42,A05,EEGNET,CPU,2450,16,110.64587849999953,0.09104200000001583,4.0,0.0,0.000632236111111221,4.0006322361111115,0.632236111111221,0.4791666666666667,0.39755675796284934,0.47916666666666663,0.2635827362537384,0.1459514643583033,8,64,11,61
42,A06,EEGNET,CPU,2450,16,124.91802129999996,0.09105230000022857,4.0,0.0,0.0006323076388904761,4.000632307638891,0.6323076388904761,0.7222222222222222,0.7167584579071598,0.7222222222222223,0.19276179373264313,0.15551287903346953,42,30,10,62
42,A07,EEGNET,CPU,2450,16,120.15151289999994,0.08555559999877005,4.0,0.0,0.0005941361111025697,4.000594136111102,0.5941361111025697,0.5555555555555556,0.522289031722994,0.5555555555555556,0.24877041578292847,0.10052830063634445,59,13,51,21
42,A08,EEGNET,CPU,2450,16,129.03539490000003,0.08858650000001944,4.0,0.0,0.0006151840277779127,4.000615184027778,0.6151840277779127,0.8263888888888888,0.8226164079822617,0.8263888888888888,0.12303805351257324,0.14604474272992873,49,23,2,70
42,A09,EEGNET,CPU,2450,16,126.75900050000018,0.09038440000040282,4.0,0.0,0.0006276694444472418,4.000627669444447,0.6276694444472418,0.8194444444444444,0.8181818181818181,0.8194444444444444,0.11896204948425293,0.11864001786388043,53,19,7,65
97,A01,EEGNET,CPU,2450,16,119.0372668,0.08886159999929077,4.0,0.0,0.0006170944444395193,4.00061709444444,0.6170944444395192,0.6527777777777778,0.6237458193979933,0.6527777777777778,0.2002943754196167,0.16566922484586635,67,5,45,27
97,A02,EEGNET,CPU,2450,16,119.13597630000004,0.08879800000067917,4.0,0.0,0.0006166527777824942,4.000616652777783,0.6166527777824942,0.6180555555555556,0.6158137278680572,0.6180555555555556,0.23340004682540894,0.06711527042918734,50,22,33,39
97,A03,EEGNET,CPU,2450,16,116.75534139999945,0.08771700000033889,4.0,0.0,0.0006091458333356867,4.0006091458333355,0.6091458333356866,0.8680555555555556,0.8677430270218012,0.8680555555555556,0.09480774402618408,0.13710401615955764,66,6,13,59
97,A04,EEGNET,CPU,2450,16,2490.6845859999994,0.0924974999998085,4.0,0.0,0.0006423437499986701,4.000642343749998,0.6423437499986702,0.6388888888888888,0.6148148148148148,0.6388888888888888,0.2261905074119568,0.13010401485694778,28,44,8,64
97,A05,EEGNET,CPU,2450,16,161.8666088000009,0.05960140000024694,4.0,0.0,0.000413898611112826,4.000413898611113,0.413898611112826,0.5,0.49961389961389957,0.5,0.25527286529541016,0.08854963775310248,34,38,34,38
97,A06,EEGNET,CPU,2450,16,80.43144289999873,0.06500029999915569,4.0,0.0,0.00045139097221635893,4.000451390972216,0.45139097221635893,0.7013888888888888,0.6971682887465154,0.7013888888888888,0.19928930699825287,0.14702139680998194,42,30,13,59
97,A07,EEGNET,CPU,2450,16,80.36640679999982,0.06401329999971495,4.0,0.0,0.00044453680555357603,4.000444536805554,0.44453680555357605,0.5347222222222222,0.5055097124698888,0.5347222222222222,0.2494693398475647,0.12059717480507164,21,51,16,56
97,A08,EEGNET,CPU,2450,16,79.94733160000033,0.06270850000146311,4.0,0.0,0.00043547569445460493,4.000435475694455,0.43547569445460493,0.8472222222222222,0.8447971781305115,0.8472222222222222,0.11663014441728592,0.1316995979804132,52,20,2,70
97,A09,EEGNET,CPU,2450,16,80.22478819999924,0.059982000000673,4.0,0.0,0.00041654166667134024,4.000416541666671,0.41654166667134024,0.7986111111111112,0.795764659852301,0.7986111111111112,0.13459831476211548,0.12050212164305978,49,23,6,66
123,A01,EEGNET,CPU,2450,16,80.4808692000006,0.06306109999968612,4.0,0.0,0.00043792430555337586,4.000437924305554,0.43792430555337586,0.7708333333333334,0.7699346405228757,0.7708333333333334,0.1559651792049408,0.1381006532917834,60,12,21,51
123,A02,EEGNET,CPU,2450,16,80.35547260000021,0.06455559999994875,4.0,0.0,0.0004483027777774219,4.0004483027777775,0.44830277777742195,0.5347222222222222,0.4329709080223333,0.5347222222222222,0.27516111731529236,0.20161716557211345,8,64,3,69
123,A03,EEGNET,CPU,2450,16,79.98757639999894,0.06466209999962302,4.0,0.0,0.00044904236110849323,4.000449042361108,0.4490423611084932,0.8888888888888888,0.8886956521739131,0.8888888888888888,0.10588868707418442,0.13212692874690726,67,5,11,61
123,A04,EEGNET,CPU,2450,16,80.00074450000102,0.06419349999850965,4.0,0.0,0.0004457881944340948,4.000445788194434,0.44578819443409484,0.625,0.5863829787234043,0.625,0.22847244143486023,0.13846588041633368,23,49,5,67
123,A05,EEGNET,CPU,2450,16,81.54416390000006,0.06246410000130709,4.0,0.0,0.0004337784722312992,4.000433778472232,0.43377847223129923,0.4930555555555556,0.4840736196319019,0.4930555555555556,0.2574242055416107,0.09673644871347481,26,46,27,45
123,A06,EEGNET,CPU,2450,16,82.06059050000113,0.0668655999998009,4.0,0.0,0.00046434444444306183,4.000464344444443,0.46434444444306183,0.6666666666666666,0.6493506493506493,0.6666666666666666,0.22729502618312836,0.2037342162285414,32,40,8,64
123,A07,EEGNET,CPU,2450,16,80.29839399999946,0.06628060000002733,4.0,0.0,0.00046028194444463425,4.000460281944445,0.4602819444446343,0.5486111111111112,0.5202706165752653,0.5486111111111112,0.2624560594558716,0.11933818883779977,22,50,15,57
123,A08,EEGNET,CPU,2450,16,80.45317720000094,0.06454689999918628,4.0,0.0,0.00044824236110546027,4.000448242361106,0.4482423611054603,0.8680555555555556,0.8675381263616557,0.8680555555555556,0.09869608283042908,0.07552452716562484,58,14,5,67
123,A09,EEGNET,CPU,2450,16,80.18452489999981,0.06226330000026792,4.0,0.0,0.0004323840277796383,4.000432384027779,0.4323840277796383,0.8680555555555556,0.8677430270218012,0.8680555555555556,0.07610522210597992,0.07447809810077566,59,13,6,66
