timestamp,trial_number,ground_truth_command,predicted_command,confidence,accepted_command,correct,decision_time,game_event
2026-07-07T14:27:05.503739,1,RIGHT,RIGHT,0.0895,RIGHT,True,3.2829,correct_command
2026-07-07T14:27:09.147223,2,RIGHT,RIGHT,0.0513,RIGHT,True,1.0164,correct_command
2026-07-07T14:27:12.475856,3,RIGHT,RIGHT,0.0523,RIGHT,True,0.6958,correct_command
2026-07-07T14:27:15.631143,4,RIGHT,RIGHT,0.0657,RIGHT,True,0.5167,correct_command
2026-07-07T14:27:18.744974,5,RIGHT,RIGHT,0.0746,RIGHT,True,0.4828,correct_command
2026-07-07T14:27:21.780927,6,LEFT,RIGHT,0.0462,RIGHT,False,0.4049,incorrect_command
2026-07-07T14:27:23.599627,7,LEFT,LEFT,0.1038,LEFT,True,1.3062,correct_command
2026-07-07T14:27:26.833721,8,LEFT,LEFT,0.0601,LEFT,True,0.5957,correct_command
2026-07-07T14:27:29.476851,9,LEFT,REST,0.0795,REST,False,0.0159,incorrect_command
2026-07-07T14:27:30.004366,10,LEFT,REST,0.0898,REST,False,0.0161,incorrect_command
2026-07-07T14:27:31.654987,11,REST,REST,0.0841,REST,True,1.1352,correct_command
2026-07-07T14:27:34.408887,12,REST,REST,0.0742,REST,True,0.7411,correct_command
2026-07-07T14:27:37.212970,13,REST,REST,0.0933,REST,True,0.8043,correct_command
2026-07-07T14:27:39.997285,14,REST,REST,0.066,REST,True,0.7742,correct_command
2026-07-07T14:27:42.504164,15,REST,REST,0.1006,REST,True,0.5012,correct_command
