accuracy,macro_f1,balanced_acc,brier_score,ece,online_adaptation_time_sec,online_time_per_trial_ms,buffer_size,cm_00,cm_01,cm_02,cm_03,cm_10,cm_11,cm_12,cm_13,cm_20,cm_21,cm_22,cm_23,cm_30,cm_31,cm_32,cm_33,seed,subject,model,adaptation,protocol,bn_momentum,tent_lr,weights
0.6527777777777778,0.6407111861642436,0.6527777777777777,0.4672522608906892,0.08933624894254738,0.2691766469999948,0.9346411354166485,8,37,27,6,2,6,64,2,0,8,2,32,30,2,1,14,55,42,A01,EEGNET,ADABN,cross-session,0.1,,week6/results/eegnet/cross_session_baseline/weights/eegnet_cross-session_A01_seed_42.pt
0.3333333333333333,0.3303096451717743,0.3333333333333333,0.7583513295870353,0.0932525388068623,0.14636699000004683,0.5082187152779404,8,27,17,12,16,20,17,22,13,26,4,29,13,14,13,22,23,42,A02,EEGNET,ADABN,cross-session,0.1,,week6/results/eegnet/cross_session_baseline/weights/eegnet_cross-session_A02_seed_42.pt
0.6909722222222222,0.6531053109428372,0.6909722222222222,0.4347273159651876,0.046895447290605956,0.15030460000002677,0.5218909722223152,8,64,1,5,2,8,60,4,0,17,13,14,28,4,3,4,61,42,A03,EEGNET,ADABN,cross-session,0.1,,week6/results/eegnet/cross_session_baseline/weights/eegnet_cross-session_A03_seed_42.pt
0.4826388888888889,0.4811859121973944,0.4826388888888889,0.6535183142630923,0.08363126663284168,0.13829050799995457,0.48017537499984225,8,37,23,7,5,20,30,11,11,11,6,32,23,11,4,17,40,42,A04,EEGNET,ADABN,cross-session,0.1,,week6/results/eegnet/cross_session_baseline/weights/eegnet_cross-session_A04_seed_42.pt
0.2777777777777778,0.27368217054263566,0.2777777777777778,0.785321384851085,0.16336301393393016,0.14211531799992372,0.4934559652775129,8,15,22,21,14,21,28,14,9,15,18,21,18,9,25,22,16,42,A05,EEGNET,ADABN,cross-session,0.1,,week6/results/eegnet/cross_session_baseline/weights/eegnet_cross-session_A05_seed_42.pt
0.3993055555555556,0.3967930088444741,0.3993055555555555,0.7138713665873012,0.09261219845049912,0.13861237399999027,0.481292965277744,8,33,19,10,10,12,36,16,8,18,15,19,20,13,10,22,27,42,A06,EEGNET,ADABN,cross-session,0.1,,week6/results/eegnet/cross_session_baseline/weights/eegnet_cross-session_A06_seed_42.pt
0.3541666666666667,0.3526622396446958,0.35416666666666663,0.7280121923553146,0.11366063863452938,0.14118338200000835,0.4902200763889179,8,31,22,10,9,31,24,12,5,20,24,14,14,8,14,17,33,42,A07,EEGNET,ADABN,cross-session,0.1,,week6/results/eegnet/cross_session_baseline/weights/eegnet_cross-session_A07_seed_42.pt
0.7083333333333334,0.7034558314807596,0.7083333333333334,0.40362799395223853,0.031056643256710634,0.13961922400005733,0.4847889722224213,8,57,2,9,4,4,56,7,5,12,13,36,11,5,6,6,55,42,A08,EEGNET,ADABN,cross-session,0.1,,week6/results/eegnet/cross_session_baseline/weights/eegnet_cross-session_A08_seed_42.pt
0.7986111111111112,0.7961123396475924,0.798611111111111,0.31486556774358754,0.06010502080122629,0.14675609799996892,0.5095697847221143,8,66,4,2,0,8,47,10,7,6,8,55,3,0,3,7,62,42,A09,EEGNET,ADABN,cross-session,0.1,,week6/results/eegnet/cross_session_baseline/weights/eegnet_cross-session_A09_seed_42.pt
0.6215277777777778,0.6138593680536191,0.6215277777777777,0.47929713002535834,0.07307565533038643,0.14503373400009423,0.5035893541669938,8,39,24,9,0,6,64,2,0,8,2,31,31,4,0,23,45,97,A01,EEGNET,ADABN,cross-session,0.1,,week6/results/eegnet/cross_session_baseline/weights/eegnet_cross-session_A01_seed_97.pt
0.2638888888888889,0.26299449617342624,0.2638888888888889,0.7910963891812226,0.17423615232110023,0.14127934800001185,0.4905532916667078,8,12,24,14,22,22,20,11,19,17,12,20,23,16,18,14,24,97,A02,EEGNET,ADABN,cross-session,0.1,,week6/results/eegnet/cross_session_baseline/weights/eegnet_cross-session_A02_seed_97.pt
0.7083333333333334,0.6801054164550867,0.7083333333333333,0.38195653919388267,0.05465271686100297,0.14172429899997496,0.4920982604165797,8,65,2,4,1,7,63,2,0,20,10,18,24,3,0,11,58,97,A03,EEGNET,ADABN,cross-session,0.1,,week6/results/eegnet/cross_session_baseline/weights/eegnet_cross-session_A03_seed_97.pt
0.5208333333333334,0.5209455142600468,0.5208333333333333,0.6297007091102567,0.07586834186481105,0.14304285200000777,0.4966765694444714,8,38,15,15,4,22,32,11,7,12,5,43,12,11,7,17,37,97,A04,EEGNET,ADABN,cross-session,0.1,,week6/results/eegnet/cross_session_baseline/weights/eegnet_cross-session_A04_seed_97.pt
0.3090277777777778,0.308101735934155,0.3090277777777778,0.778147892230788,0.14266048361443812,0.14236616999994567,0.494326979166478,8,23,26,15,8,23,27,11,11,19,18,17,18,7,24,19,22,97,A05,EEGNET,ADABN,cross-session,0.1,,week6/results/eegnet/cross_session_baseline/weights/eegnet_cross-session_A05_seed_97.pt
0.4340277777777778,0.43233915733023903,0.43402777777777773,0.6734396528283608,0.08157914390580523,0.14308389599989368,0.4968190833329642,8,37,15,10,10,14,33,17,8,15,12,25,20,14,15,13,30,97,A06,EEGNET,ADABN,cross-session,0.1,,week6/results/eegnet/cross_session_baseline/weights/eegnet_cross-session_A06_seed_97.pt
0.4861111111111111,0.485926096716655,0.4861111111111111,0.6230321026315981,0.03164816875424648,0.14314584699991428,0.4970341909719246,8,38,18,8,8,25,38,5,4,12,14,32,14,10,11,19,32,97,A07,EEGNET,ADABN,cross-session,0.1,,week6/results/eegnet/cross_session_baseline/weights/eegnet_cross-session_A07_seed_97.pt
0.6631944444444444,0.658782679829313,0.6631944444444444,0.4430202108084733,0.08048615935775968,0.1436361759999727,0.4987367222221274,8,57,1,12,2,4,49,13,6,21,9,29,13,5,2,9,56,97,A08,EEGNET,ADABN,cross-session,0.1,,week6/results/eegnet/cross_session_baseline/weights/eegnet_cross-session_A08_seed_97.pt
0.7291666666666666,0.7212290361463712,0.7291666666666666,0.3748777267692189,0.04695404921140936,0.14384659500001362,0.4994673437500473,8,64,3,4,1,7,35,20,10,7,9,48,8,0,4,5,63,97,A09,EEGNET,ADABN,cross-session,0.1,,week6/results/eegnet/cross_session_baseline/weights/eegnet_cross-session_A09_seed_97.pt
0.6631944444444444,0.6550734226570527,0.6631944444444444,0.4648562300228427,0.07948566124671036,0.1427565679999816,0.4956825277777139,8,42,19,9,2,5,64,3,0,5,2,31,34,3,0,15,54,123,A01,EEGNET,ADABN,cross-session,0.1,,week6/results/eegnet/cross_session_baseline/weights/eegnet_cross-session_A01_seed_123.pt
0.2986111111111111,0.29597403167083386,0.2986111111111111,0.7758679533856314,0.13926875829282734,0.1457315010000002,0.5060121562500007,8,24,20,18,10,18,26,16,12,23,12,21,16,12,23,22,15,123,A02,EEGNET,ADABN,cross-session,0.1,,week6/results/eegnet/cross_session_baseline/weights/eegnet_cross-session_A02_seed_123.pt
0.7083333333333334,0.6713304784760044,0.7083333333333333,0.40497611688056195,0.06132531807654432,0.1454219350000585,0.5049372743057587,8,64,2,5,1,5,66,1,0,15,15,15,27,4,1,8,59,123,A03,EEGNET,ADABN,cross-session,0.1,,week6/results/eegnet/cross_session_baseline/weights/eegnet_cross-session_A03_seed_123.pt
0.4930555555555556,0.4882829340149087,0.4930555555555556,0.6344569360842914,0.09478413520587815,0.14477193699997315,0.5026803368054623,8,41,18,8,5,23,33,6,10,14,5,25,28,13,6,10,43,123,A04,EEGNET,ADABN,cross-session,0.1,,week6/results/eegnet/cross_session_baseline/weights/eegnet_cross-session_A04_seed_123.pt
0.2881944444444444,0.2883400583337111,0.2881944444444445,0.7949545493426231,0.14500135069506037,0.14228403399999934,0.49404178472221993,8,20,19,18,15,24,23,15,10,15,19,19,19,9,28,14,21,123,A05,EEGNET,ADABN,cross-session,0.1,,week6/results/eegnet/cross_session_baseline/weights/eegnet_cross-session_A05_seed_123.pt
0.4895833333333333,0.48567454666586674,0.48958333333333337,0.646169473649741,0.04981768317520617,0.144182217999969,0.5006327013887812,8,46,10,10,6,17,35,13,7,14,9,30,19,14,19,9,30,123,A06,EEGNET,ADABN,cross-session,0.1,,week6/results/eegnet/cross_session_baseline/weights/eegnet_cross-session_A06_seed_123.pt
0.5104166666666666,0.5046407452347674,0.5104166666666667,0.5932074807448893,0.09699690548910035,0.14259728799993354,0.49512947222199144,8,51,18,2,1,41,29,2,0,6,8,35,23,5,4,31,32,123,A07,EEGNET,ADABN,cross-session,0.1,,week6/results/eegnet/cross_session_baseline/weights/eegnet_cross-session_A07_seed_123.pt
0.6319444444444444,0.620262551055072,0.6319444444444444,0.4529172568235739,0.07688523363322022,0.14562232599996605,0.505633076388771,8,57,0,12,3,2,53,12,5,20,17,21,14,4,7,10,51,123,A08,EEGNET,ADABN,cross-session,0.1,,week6/results/eegnet/cross_session_baseline/weights/eegnet_cross-session_A08_seed_123.pt
0.7638888888888888,0.7574759076257002,0.763888888888889,0.33965765799930075,0.05155977689557607,0.14359665400002086,0.498599493055628,8,67,2,3,0,6,38,17,11,6,9,53,4,0,3,7,62,123,A09,EEGNET,ADABN,cross-session,0.1,,week6/results/eegnet/cross_session_baseline/weights/eegnet_cross-session_A09_seed_123.pt
